season_id,round,date,start_time,home_team,away_team,score,attendance,referee,venue,match_report,home_score,away_score,match_id
73_2025,Regular Season,2025-03-08,19:00,Miami FC,Detroit City,'0-2,"1,394",Alyssa Nichols,South Dade Kia Field at Pitbull Stadium,https://fbref.com/en/matches/30bb2a5c/Miami-FC-Detroit-City-March-8-2025-USL-Championship,0,2,30bb2a5c
73_2025,Regular Season,2025-03-08,19:00,Phx Rising,FC Tulsa,'0-1,"6,478",Elton Garcia,Phoenix Rising Soccer Stadium,https://fbref.com/en/matches/d3a9ce24/Phoenix-Rising-FC-Tulsa-March-8-2025-USL-Championship,0,1,d3a9ce24
73_2025,Regular Season,2025-03-08,19:00,Orange County,Roots,'4-2,"5,500",Katja Koroleva,Orange Country Great Park Championship S...,https://fbref.com/en/matches/66ded164/Orange-County-SC-Oakland-Roots-March-8-2025-USL-Championship,4,2,66ded164
73_2025,Regular Season,2025-03-08,19:00,Sac Republic,New Mexico Utd,'2-1,"11,569",Joshua Encarnacion,Heart Health Park,https://fbref.com/en/matches/59efeeda/Sacramento-Republic-New-Mexico-United-March-8-2025-USL-Championship,2,1,59efeeda
73_2025,Regular Season,2025-03-08,19:00,Lexington SC,Hartford Athletic,'2-0,"5,025",Nabil Bensalah,Lexington SC Stadium,https://fbref.com/en/matches/f145e334/Lexington-SC-Hartford-Athletic-March-8-2025-USL-Championship,2,0,f145e334
73_2025,Regular Season,2025-03-08,19:00,North Carolina,Pittsburgh,'1-1,"2,331",Mathew Corrigan,First Horizon Stadium at WakeMed Soccer ...,https://fbref.com/en/matches/bde08300/North-Carolina-FC-Pittsburgh-Riverhounds-March-8-2025-USL-Championship,1,1,bde08300
73_2025,Regular Season,2025-03-08,19:00,B'ham Legion,Loudoun United,'1-3,"2,762",Natalie Simon,Protective Stadium,https://fbref.com/en/matches/0f66fb45/Birmingham-Legion-Loudoun-United-March-8-2025-USL-Championship,1,3,0f66fb45
73_2025,Regular Season,2025-03-08,19:30,Charleston,Louisville City,'1-2,"3,438",Abdou Ndiaye,Patriots Point Soccer Complex,https://fbref.com/en/matches/25deb8ba/Charleston-Battery-Louisville-City-March-8-2025-USL-Championship,1,2,25deb8ba
73_2025,Regular Season,2025-03-08,19:30,LV Lights FC,TB Rowdies,'1-0,"3,258",Brandon Stevis,Cashman Field,https://fbref.com/en/matches/37bc406c/Las-Vegas-Lights-FC-Tampa-Bay-Rowdies-March-8-2025-USL-Championship,1,0,37bc406c
73_2025,Regular Season,2025-03-08,19:30,San Antonio FC,Monterey Bay,'1-0,"8,164",Matthew Thompson,Toyota Field,https://fbref.com/en/matches/7694f28a/San-Antonio-FC-Monterey-Bay-March-8-2025-USL-Championship,1,0,7694f28a
73_2025,Regular Season,2025-03-08,20:00,El Paso,CS Switchbacks,'2-2,"5,787",Elijio Arreguin,Southwest University Park,https://fbref.com/en/matches/4553c09d/El-Paso-Locomotive-Colorado-Springs-Switchbacks-March-8-2025-USL-Championship,2,2,4553c09d
73_2025,Regular Season,2025-03-15,16:00,CS Switchbacks,Detroit City,'1-2,"8,023",Greg Dopka,Weidner Field,https://fbref.com/en/matches/c3eead39/Colorado-Springs-Switchbacks-Detroit-City-March-15-2025-USL-Championship,1,2,c3eead39
73_2025,Regular Season,2025-03-15,19:00,Miami FC,Indy Eleven,'1-3,"1,027",Elvis Osmanovic,South Dade Kia Field at Pitbull Stadium,https://fbref.com/en/matches/ebdac615/Miami-FC-Indy-Eleven-March-15-2025-USL-Championship,1,3,ebdac615
73_2025,Regular Season,2025-03-15,19:00,North Carolina,Loudoun United,'1-2,"1,472",John Griggs,First Horizon Stadium at WakeMed Soccer ...,https://fbref.com/en/matches/48820074/North-Carolina-FC-Loudoun-United-March-15-2025-USL-Championship,1,2,48820074
73_2025,Regular Season,2025-03-15,19:30,Charleston,Rhode Island FC,'2-0,"2,480",Natalie Simon,Patriots Point Soccer Complex,https://fbref.com/en/matches/66e78568/Charleston-Battery-Rhode-Island-FC-March-15-2025-USL-Championship,2,0,66e78568
73_2025,Regular Season,2025-03-16,15:30,B'ham Legion,Louisville City,'1-1,"3,724",Kyle Johnston,Protective Stadium,https://fbref.com/en/matches/b7f8e19c/Birmingham-Legion-Louisville-City-March-16-2025-USL-Championship,1,1,b7f8e19c
73_2025,Regular Season,2025-03-15,19:00,Monterey Bay,Roots,'3-2,"5,160",Elijio Arreguin,Cardinale Stadium,https://fbref.com/en/matches/6f476325/Monterey-Bay-Oakland-Roots-March-15-2025-USL-Championship,3,2,6f476325
73_2025,Regular Season,2025-03-15,19:00,FC Tulsa,TB Rowdies,'1-0,"3,621",Atahan Yaya,ONEOK Field,https://fbref.com/en/matches/fba6f885/FC-Tulsa-Tampa-Bay-Rowdies-March-15-2025-USL-Championship,1,0,fba6f885
73_2025,Regular Season,2025-03-15,19:30,Orange County,Lexington SC,'2-2,"4,550",Muhammad Hassan,Orange Country Great Park Championship S...,https://fbref.com/en/matches/a405dfb3/Orange-County-SC-Lexington-SC-March-15-2025-USL-Championship,2,2,a405dfb3
73_2025,Regular Season,2025-03-15,19:30,LV Lights FC,New Mexico Utd,'2-3,"1,851",Elton Garcia,Cashman Field,https://fbref.com/en/matches/752903dc/Las-Vegas-Lights-FC-New-Mexico-United-March-15-2025-USL-Championship,2,3,752903dc
73_2025,Regular Season,2025-03-15,19:30,San Antonio FC,Pittsburgh,'2-0,"5,876",Abdou Ndiaye,Toyota Field,https://fbref.com/en/matches/97112f54/San-Antonio-FC-Pittsburgh-Riverhounds-March-15-2025-USL-Championship,2,0,97112f54
73_2025,Regular Season,2025-03-15,20:00,El Paso,Phx Rising,'4-4,"4,386",Calin Radosav,Southwest University Park,https://fbref.com/en/matches/0d4d4981/El-Paso-Locomotive-Phoenix-Rising-March-15-2025-USL-Championship,4,4,0d4d4981
73_2025,Regular Season,2025-03-22,15:00,New Mexico Utd,El Paso,'1-0,"11,005",Gerald Flores,Isotopes Park,https://fbref.com/en/matches/5251d34c/New-Mexico-United-El-Paso-Locomotive-March-22-2025-USL-Championship,1,0,5251d34c
73_2025,Regular Season,2025-03-22,16:00,Louisville City,Loudoun United,'2-0,"9,673",Atahan Yaya,Lynn Family Stadium,https://fbref.com/en/matches/cdd2ae76/Louisville-City-Loudoun-United-March-22-2025-USL-Championship,2,0,cdd2ae76
73_2025,Regular Season,2025-03-22,16:00,Detroit City,B'ham Legion,'2-2,"6,642",John Griggs,Keyworth Stadium,https://fbref.com/en/matches/e7432094/Detroit-City-Birmingham-Legion-March-22-2025-USL-Championship,2,2,e7432094
73_2025,Regular Season,2025-03-22,19:00,Lexington SC,Indy Eleven,'1-1,"4,299",Luis Arroyo,Lexington SC Stadium,https://fbref.com/en/matches/8f2f4802/Lexington-SC-Indy-Eleven-March-22-2025-USL-Championship,1,1,8f2f4802
73_2025,Regular Season,2025-03-22,19:00,Pittsburgh,Hartford Athletic,'1-0,"4,026",Brandon Stevis,Highmark Stadium,https://fbref.com/en/matches/7cfeedc0/Pittsburgh-Riverhounds-Hartford-Athletic-March-22-2025-USL-Championship,1,0,7cfeedc0
73_2025,Regular Season,2025-03-22,19:00,Miami FC,TB Rowdies,'1-2,"1,012",Alex Billeter,South Dade Kia Field at Pitbull Stadium,https://fbref.com/en/matches/652e74c8/Miami-FC-Tampa-Bay-Rowdies-March-22-2025-USL-Championship,1,2,652e74c8
73_2025,Regular Season,2025-03-22,19:00,FC Tulsa,North Carolina,'0-1,"2,931",Igor Bych,ONEOK Field,https://fbref.com/en/matches/b00c1f2b/FC-Tulsa-North-Carolina-FC-March-22-2025-USL-Championship,0,1,b00c1f2b
73_2025,Regular Season,2025-03-22,19:00,Roots,San Antonio FC,'1-2,"26,575",Jeremy Scheer,Oakland-Alameda County Coliseum,https://fbref.com/en/matches/505c971a/Oakland-Roots-San-Antonio-FC-March-22-2025-USL-Championship,1,2,505c971a
73_2025,Regular Season,2025-03-22,19:00,Orange County,Monterey Bay,'0-3,"3,020",Corbyn May,Orange Country Great Park Championship S...,https://fbref.com/en/matches/35256420/Orange-County-SC-Monterey-Bay-March-22-2025-USL-Championship,0,3,35256420
73_2025,Regular Season,2025-03-22,19:00,Phx Rising,Rhode Island FC,'2-2,"5,549",Alyssa Nichols,Phoenix Rising Soccer Stadium,https://fbref.com/en/matches/6b3cdd4e/Phoenix-Rising-Rhode-Island-FC-March-22-2025-USL-Championship,2,2,6b3cdd4e
73_2025,Regular Season,2025-03-22,19:00,Sac Republic,CS Switchbacks,'2-2,"9,251",Calin Radosav,Heart Health Park,https://fbref.com/en/matches/646ec9c0/Sacramento-Republic-Colorado-Springs-Switchbacks-March-22-2025-USL-Championship,2,2,646ec9c0
73_2025,Regular Season,2025-03-29,14:00,Hartford Athletic,El Paso,'1-2,"4,400",Atahan Yaya,Trinity Health Stadium,https://fbref.com/en/matches/ee3a1795/Hartford-Athletic-El-Paso-Locomotive-March-29-2025-USL-Championship,1,2,ee3a1795
73_2025,Regular Season,2025-03-29,16:00,Louisville City,Detroit City,'2-0,"9,004",Katja Koroleva,Lynn Family Stadium,https://fbref.com/en/matches/e68ac29a/Louisville-City-Detroit-City-March-29-2025-USL-Championship,2,0,e68ac29a
73_2025,Regular Season,2025-03-29,16:00,Loudoun United,Rhode Island FC,'2-0,"2,244",Matthew Thompson,Segra Field,https://fbref.com/en/matches/925db0af/Loudoun-United-Rhode-Island-FC-March-29-2025-USL-Championship,2,0,925db0af
73_2025,Regular Season,2025-03-29,19:00,North Carolina,Charleston,'2-1,"2,251",Muhammad Hassan,First Horizon Stadium at WakeMed Soccer ...,https://fbref.com/en/matches/d8046775/North-Carolina-FC-Charleston-Battery-March-29-2025-USL-Championship,2,1,d8046775
73_2025,Regular Season,2025-03-29,19:00,Lexington SC,San Antonio FC,'2-3,"4,437",John Matto,Lexington SC Stadium,https://fbref.com/en/matches/fef24c93/Lexington-SC-San-Antonio-FC-March-29-2025-USL-Championship,2,3,fef24c93
73_2025,Regular Season,2025-03-29,19:00,Pittsburgh,B'ham Legion,'2-0,"4,377",Nabil Bensalah,Highmark Stadium,https://fbref.com/en/matches/618b000b/Pittsburgh-Riverhounds-Birmingham-Legion-March-29-2025-USL-Championship,2,0,618b000b
73_2025,Regular Season,2025-03-29,19:00,Miami FC,New Mexico Utd,'0-1,"1,006",Alejo Calume,South Dade Kia Field at Pitbull Stadium,https://fbref.com/en/matches/f6529941/Miami-FC-New-Mexico-United-March-29-2025-USL-Championship,0,1,f6529941
73_2025,Regular Season,2025-03-28,19:00,FC Tulsa,Sac Republic,'1-0,"2,389",Greg Dopka,ONEOK Field,https://fbref.com/en/matches/e8beed97/FC-Tulsa-Sacramento-Republic-March-28-2025-USL-Championship,1,0,e8beed97
73_2025,Regular Season,2025-03-29,19:00,Indy Eleven,CS Switchbacks,'2-3,"10,202",Joshua Encarnacion,Michael A. Carroll Stadium,https://fbref.com/en/matches/e9c09fc8/Indy-Eleven-Colorado-Springs-Switchbacks-March-29-2025-USL-Championship,2,3,e9c09fc8
73_2025,Regular Season,2025-03-29,19:00,Roots,LV Lights FC,'0-0,"7,077",Elvis Osmanovic,Oakland-Alameda County Coliseum,https://fbref.com/en/matches/7572f538/Oakland-Roots-Las-Vegas-Lights-FC-March-29-2025-USL-Championship,0,0,7572f538
73_2025,Regular Season,2025-03-29,19:00,Monterey Bay,Phx Rising,'3-1,"3,210",Brandon Stevis,Cardinale Stadium,https://fbref.com/en/matches/80ca1ee5/Monterey-Bay-Phoenix-Rising-March-29-2025-USL-Championship,3,1,80ca1ee5
73_2025,Regular Season,2025-04-05,13:00,Roots,Rhode Island FC,'0-3,"4,765",Servando Berna Rico,Oakland-Alameda County Coliseum,https://fbref.com/en/matches/9dc38252/Oakland-Roots-Rhode-Island-FC-April-5-2025-USL-Championship,0,3,9dc38252
73_2025,Regular Season,2025-04-05,16:00,Detroit City,Monterey Bay,'0-0,"5,047",Gerald Flores,Keyworth Stadium,https://fbref.com/en/matches/4b197d7e/Detroit-City-Monterey-Bay-April-5-2025-USL-Championship,0,0,4b197d7e
73_2025,Regular Season,2025-04-05,16:30,Loudoun United,Hartford Athletic,'2-0,"1,517",Corbyn May,Segra Field,https://fbref.com/en/matches/2b9c3e5c/Loudoun-United-Hartford-Athletic-April-5-2025-USL-Championship,2,0,2b9c3e5c
73_2025,Regular Season,2025-04-05,17:30,Charleston,TB Rowdies,'2-1,"3,510",Joshua Encarnacion,Patriots Point Soccer Complex,https://fbref.com/en/matches/406c7fa8/Charleston-Battery-Tampa-Bay-Rowdies-April-5-2025-USL-Championship,2,1,406c7fa8
73_2025,Regular Season,2025-04-05,19:00,Indy Eleven,North Carolina,'2-2,"7,017",Edson Carvajal,Michael A. Carroll Stadium,https://fbref.com/en/matches/107b5faf/Indy-Eleven-North-Carolina-FC-April-5-2025-USL-Championship,2,2,107b5faf
73_2025,Regular Season,2025-04-06,15:00,San Antonio FC,Phx Rising,'1-2,"7,498",Greg Dopka,Toyota Field,https://fbref.com/en/matches/8303574f/San-Antonio-FC-Phoenix-Rising-April-6-2025-USL-Championship,1,2,8303574f
73_2025,Regular Season,2025-04-05,19:00,Sac Republic,Louisville City,'1-1,"9,880",Mathew Corrigan,Heart Health Park,https://fbref.com/en/matches/6d63f367/Sacramento-Republic-Louisville-City-April-5-2025-USL-Championship,1,1,6d63f367
73_2025,Regular Season,2025-04-05,19:30,LV Lights FC,Orange County,'1-0,"2,353",Brad Jensen,Cashman Field,https://fbref.com/en/matches/eec9007f/Las-Vegas-Lights-FC-Orange-County-SC-April-5-2025-USL-Championship,1,0,eec9007f
73_2025,Regular Season,2025-04-05,20:00,El Paso,Lexington SC,'2-1,"4,180",Igor Bych,Southwest University Park,https://fbref.com/en/matches/35b53f83/El-Paso-Locomotive-Lexington-SC-April-5-2025-USL-Championship,2,1,35b53f83
73_2025,Regular Season,2025-04-12,19:00,Lexington SC,LV Lights FC,'0-0,"3,337",Calin Radosav,Lexington SC Stadium,https://fbref.com/en/matches/86b1191d/Lexington-SC-Las-Vegas-Lights-FC-April-12-2025-USL-Championship,0,0,86b1191d
73_2025,Regular Season,2025-04-12,19:30,Charleston,Pittsburgh,'2-1,"3,466",Elijio Arreguin,Patriots Point Soccer Complex,https://fbref.com/en/matches/a3d78c16/Charleston-Battery-Pittsburgh-Riverhounds-April-12-2025-USL-Championship,2,1,a3d78c16
73_2025,Regular Season,2025-04-12,19:30,TB Rowdies,Loudoun United,'1-2,"6,088",Brandon Stevis,Al Lang Stadium,https://fbref.com/en/matches/f2e071ac/Tampa-Bay-Rowdies-Loudoun-United-April-12-2025-USL-Championship,1,2,f2e071ac
73_2025,Regular Season,2025-04-13,16:00,B'ham Legion,El Paso,'3-1,"6,920",Abdou Ndiaye,Protective Stadium,https://fbref.com/en/matches/1bed4dd9/Birmingham-Legion-El-Paso-Locomotive-April-13-2025-USL-Championship,3,1,1bed4dd9
73_2025,Regular Season,2025-04-12,19:00,Monterey Bay,CS Switchbacks,'2-1,"3,309",Elvis Osmanovic,Cardinale Stadium,https://fbref.com/en/matches/7dc1bf01/Monterey-Bay-Colorado-Springs-Switchbacks-April-12-2025-USL-Championship,2,1,7dc1bf01
73_2025,Regular Season,2025-04-12,19:00,FC Tulsa,Roots,'1-2,"3,307",Muhammad Hassan,ONEOK Field,https://fbref.com/en/matches/fd892d01/FC-Tulsa-Oakland-Roots-April-12-2025-USL-Championship,1,2,fd892d01
73_2025,Regular Season,2025-04-12,19:00,Phx Rising,Detroit City,'2-3,"4,861",Natalie Simon,Phoenix Rising Soccer Stadium,https://fbref.com/en/matches/033d026b/Phoenix-Rising-Detroit-City-April-12-2025-USL-Championship,2,3,033d026b
73_2025,Regular Season,2025-04-12,19:00,New Mexico Utd,North Carolina,'1-0,"10,291",Nabil Bensalah,Isotopes Park,https://fbref.com/en/matches/ff0700fd/New-Mexico-United-North-Carolina-FC-April-12-2025-USL-Championship,1,0,ff0700fd
73_2025,Regular Season,2025-04-12,19:00,Orange County,Sac Republic,'2-1,"3,606",Elton Garcia,Orange Country Great Park Championship S...,https://fbref.com/en/matches/72d474e8/Orange-County-SC-Sacramento-Republic-April-12-2025-USL-Championship,2,1,72d474e8
73_2025,Regular Season,2025-04-12,19:30,San Antonio FC,Miami FC,'1-2,"7,078",Alex Beehler,Toyota Field,https://fbref.com/en/matches/c85eb51f/San-Antonio-FC-Miami-FC-April-12-2025-USL-Championship,1,2,c85eb51f
73_2025,Regular Season,2025-04-19,13:00,Roots,Orange County,'2-0,"6,058",Alyssa Nichols,Oakland-Alameda County Coliseum,https://fbref.com/en/matches/4ccb0851/Oakland-Roots-Orange-County-SC-April-19-2025-USL-Championship,2,0,4ccb0851
73_2025,Regular Season,2025-04-19,13:00,Phx Rising,Sac Republic,'2-2,"4,423",Nabil Bensalah,Phoenix Rising Soccer Stadium,https://fbref.com/en/matches/dcb8e889/Phoenix-Rising-Sacramento-Republic-April-19-2025-USL-Championship,2,2,dcb8e889
73_2025,Regular Season,2025-04-19,16:00,Hartford Athletic,B'ham Legion,'1-0,"4,034",Elvis Osmanovic,Trinity Health Stadium,https://fbref.com/en/matches/2f6290ca/Hartford-Athletic-Birmingham-Legion-April-19-2025-USL-Championship,1,0,2f6290ca
73_2025,Regular Season,2025-04-19,16:00,Detroit City,Rhode Island FC,'2-0,"5,539",Joshua Encarnacion,Keyworth Stadium,https://fbref.com/en/matches/111d72a9/Detroit-City-Rhode-Island-FC-April-19-2025-USL-Championship,2,0,111d72a9
73_2025,Regular Season,2025-04-19,16:30,Loudoun United,Pittsburgh,'2-1,"2,040",Luis Arroyo,Segra Field,https://fbref.com/en/matches/111fffc2/Loudoun-United-Pittsburgh-Riverhounds-April-19-2025-USL-Championship,2,1,111fffc2
73_2025,Regular Season,2025-04-19,19:00,Lexington SC,Monterey Bay,'0-0,"3,102",Thomas Snyder,Lexington SC Stadium,https://fbref.com/en/matches/9600771d/Lexington-SC-Monterey-Bay-April-19-2025-USL-Championship,0,0,9600771d
73_2025,Regular Season,2025-04-19,19:00,Indy Eleven,Charleston,'1-3,"10,080",Natalie Simon,Michael A. Carroll Stadium,https://fbref.com/en/matches/b951caa2/Indy-Eleven-Charleston-Battery-April-19-2025-USL-Championship,1,3,b951caa2
73_2025,Regular Season,2025-04-19,19:00,Miami FC,North Carolina,'2-1,"1,103",Atahan Yaya,South Dade Kia Field at Pitbull Stadium,https://fbref.com/en/matches/3522abcc/Miami-FC-North-Carolina-FC-April-19-2025-USL-Championship,2,1,3522abcc
73_2025,Regular Season,2025-04-19,19:30,TB Rowdies,Louisville City,'1-2,"6,263",Elijio Arreguin,Al Lang Stadium,https://fbref.com/en/matches/5a8e90b2/Tampa-Bay-Rowdies-Louisville-City-April-19-2025-USL-Championship,1,2,5a8e90b2
73_2025,Regular Season,2025-04-19,18:00,CS Switchbacks,El Paso,'1-1,"7,193",Servando Berna Rico,Weidner Field,https://fbref.com/en/matches/ec724f79/Colorado-Springs-Switchbacks-El-Paso-Locomotive-April-19-2025-USL-Championship,1,1,ec724f79
73_2025,Regular Season,2025-04-19,19:30,LV Lights FC,FC Tulsa,'1-4,"2,812",Mathew Corrigan,Cashman Field,https://fbref.com/en/matches/f09d7874/Las-Vegas-Lights-FC-FC-Tulsa-April-19-2025-USL-Championship,1,4,f09d7874
73_2025,Regular Season,2025-04-23,19:00,New Mexico Utd,Monterey Bay,'1-0,"6,713",Greg Dopka,Isotopes Park,https://fbref.com/en/matches/5b822f8f/New-Mexico-United-Monterey-Bay-April-23-2025-USL-Championship,1,0,5b822f8f
73_2025,Regular Season,2025-04-23,19:30,San Antonio FC,CS Switchbacks,'3-2,"3,735",Natalie Simon,Toyota Field,https://fbref.com/en/matches/6c3b93c5/San-Antonio-FC-Colorado-Springs-Switchbacks-April-23-2025-USL-Championship,3,2,6c3b93c5
73_2025,Regular Season,2025-05-01,20:00,Louisville City,Lexington SC,'2-0,"8,233",Jeremy Scheer,Lynn Family Stadium,https://fbref.com/en/matches/acbe12bc/Louisville-City-Lexington-SC-May-1-2025-USL-Championship,2,0,acbe12bc
73_2025,Regular Season,2025-05-03,16:00,Rhode Island FC,San Antonio FC,'0-0,"10,700",Alyssa Nichols,Centreville Bank Stadium,https://fbref.com/en/matches/4574b507/Rhode-Island-FC-San-Antonio-FC-May-3-2025-USL-Championship,0,0,4574b507
73_2025,Regular Season,2025-05-03,17:00,Charleston,Hartford Athletic,'4-2,"4,288",Ben Meyer,Patriots Point Soccer Complex,https://fbref.com/en/matches/a1e77e81/Charleston-Battery-Hartford-Athletic-May-3-2025-USL-Championship,4,2,a1e77e81
73_2025,Regular Season,2025-05-03,19:00,Pittsburgh,North Carolina,'0-2,"3,808",Corbyn May,Highmark Stadium,https://fbref.com/en/matches/d12f61de/Pittsburgh-Riverhounds-North-Carolina-FC-May-3-2025-USL-Championship,0,2,d12f61de
73_2025,Regular Season,2025-05-03,19:00,Indy Eleven,Detroit City,'2-2,"9,738",Elijio Arreguin,Michael A. Carroll Stadium,https://fbref.com/en/matches/ea59960f/Indy-Eleven-Detroit-City-May-3-2025-USL-Championship,2,2,ea59960f
73_2025,Regular Season,2025-05-03,19:30,TB Rowdies,B'ham Legion,'2-2,"4,504",Abdou Ndiaye,Al Lang Stadium,https://fbref.com/en/matches/49044a41/Tampa-Bay-Rowdies-Birmingham-Legion-May-3-2025-USL-Championship,2,2,49044a41
73_2025,Regular Season,2025-05-04,16:00,Roots,Sac Republic,'0-1,"10,599",Brandon Stevis,Oakland-Alameda County Coliseum,https://fbref.com/en/matches/8b2a9816/Oakland-Roots-Sacramento-Republic-May-4-2025-USL-Championship,0,1,8b2a9816
73_2025,Regular Season,2025-05-04,16:00,Monterey Bay,Miami FC,'1-1,"4,179",Brad Jensen,Cardinale Stadium,https://fbref.com/en/matches/cc0a612a/Monterey-Bay-Miami-FC-May-4-2025-USL-Championship,1,1,cc0a612a
73_2025,Regular Season,2025-05-03,19:00,CS Switchbacks,Phx Rising,'1-1,"8,023",Mathew Corrigan,Weidner Field,https://fbref.com/en/matches/c0dc29f6/Colorado-Springs-Switchbacks-Phoenix-Rising-May-3-2025-USL-Championship,1,1,c0dc29f6
73_2025,Regular Season,2025-05-03,19:00,Orange County,FC Tulsa,'2-1,"4,075",Trevor Wiseman,Orange Country Great Park Championship S...,https://fbref.com/en/matches/9ba1bf4a/Orange-County-SC-FC-Tulsa-May-3-2025-USL-Championship,2,1,9ba1bf4a
73_2025,Regular Season,2025-05-03,19:30,LV Lights FC,Loudoun United,'1-0,"2,189",Muhammad Hassan,Cashman Field,https://fbref.com/en/matches/0ad7e193/Las-Vegas-Lights-FC-Loudoun-United-May-3-2025-USL-Championship,1,0,0ad7e193
73_2025,Regular Season,2025-05-03,20:00,El Paso,New Mexico Utd,'3-0,"7,059",Thomas Snyder,Southwest University Park,https://fbref.com/en/matches/41982866/El-Paso-Locomotive-New-Mexico-United-May-3-2025-USL-Championship,3,0,41982866
73_2025,Regular Season,2025-05-09,19:00,North Carolina,Orange County,'1-0,"2,788",Rodrigo Albuquerque,First Horizon Stadium at WakeMed Soccer ...,https://fbref.com/en/matches/acba39ea/North-Carolina-FC-Orange-County-SC-May-9-2025-USL-Championship,1,0,acba39ea
73_2025,Regular Season,2025-05-10,16:00,Rhode Island FC,Monterey Bay,'1-1,"7,474",John Griggs,Centreville Bank Stadium,https://fbref.com/en/matches/baa43083/Rhode-Island-FC-Monterey-Bay-May-10-2025-USL-Championship,1,1,baa43083
73_2025,Regular Season,2025-05-10,18:00,Loudoun United,Lexington SC,'5-1,"2,400",Servando Berna Rico,Segra Field,https://fbref.com/en/matches/154241ad/Loudoun-United-Lexington-SC-May-10-2025-USL-Championship,5,1,154241ad
73_2025,Regular Season,2025-05-10,19:00,Hartford Athletic,Detroit City,'0-0,"5,304",Calin Radosav,Trinity Health Stadium,https://fbref.com/en/matches/eb18a4c2/Hartford-Athletic-Detroit-City-May-10-2025-USL-Championship,0,0,eb18a4c2
73_2025,Regular Season,2025-05-10,19:30,Louisville City,Pittsburgh,'0-0,"9,903",Matthew Thompson,Lynn Family Stadium,https://fbref.com/en/matches/44840e07/Louisville-City-Pittsburgh-Riverhounds-May-10-2025-USL-Championship,0,0,44840e07
73_2025,Regular Season,2025-05-10,19:30,TB Rowdies,Charleston,'1-3,"5,273",Gerald Flores,Al Lang Stadium,https://fbref.com/en/matches/90ea18f8/Tampa-Bay-Rowdies-Charleston-Battery-May-10-2025-USL-Championship,1,3,90ea18f8
73_2025,Regular Season,2025-05-10,19:00,Sac Republic,Indy Eleven,'1-1,"9,358",Ben Meyer,Heart Health Park,https://fbref.com/en/matches/99afcab3/Sacramento-Republic-Indy-Eleven-May-10-2025-USL-Championship,1,1,99afcab3
73_2025,Regular Season,2025-05-10,19:00,New Mexico Utd,Phx Rising,'1-2,"10,844",Katja Koroleva,Isotopes Park,https://fbref.com/en/matches/7faa81ad/New-Mexico-United-Phoenix-Rising-May-10-2025-USL-Championship,1,2,7faa81ad
73_2025,Regular Season,2025-05-10,19:00,FC Tulsa,El Paso,'1-1,"3,462",Mark Verso,ONEOK Field,https://fbref.com/en/matches/f15aea22/FC-Tulsa-El-Paso-Locomotive-May-10-2025-USL-Championship,1,1,f15aea22
73_2025,Regular Season,2025-05-10,19:30,San Antonio FC,Roots,'1-2,"6,507",Nabil Bensalah,Toyota Field,https://fbref.com/en/matches/44ef568b/San-Antonio-FC-Oakland-Roots-May-10-2025-USL-Championship,1,2,44ef568b
73_2025,Regular Season,2025-05-10,19:30,LV Lights FC,CS Switchbacks,'0-0,"3,148",Brandon Stevis,Cashman Field,https://fbref.com/en/matches/e9a4ae3b/Las-Vegas-Lights-FC-Colorado-Springs-Switchbacks-May-10-2025-USL-Championship,0,0,e9a4ae3b
73_2025,Regular Season,2025-05-14,19:00,B'ham Legion,Rhode Island FC,'0-1,"3,767",Luis Arroyo,Protective Stadium,https://fbref.com/en/matches/f488154c/Birmingham-Legion-Rhode-Island-FC-May-14-2025-USL-Championship,0,1,f488154c
73_2025,Regular Season,2025-05-16,19:00,North Carolina,Roots,'4-2,"2,736",Gerald Flores,First Horizon Stadium at WakeMed Soccer ...,https://fbref.com/en/matches/7d196839/North-Carolina-FC-Oakland-Roots-May-16-2025-USL-Championship,4,2,7d196839
73_2025,Regular Season,2025-05-17,19:00,Hartford Athletic,Louisville City,'1-1,"4,749",John Griggs,Trinity Health Stadium,https://fbref.com/en/matches/ab8ab68d/Hartford-Athletic-Louisville-City-May-17-2025-USL-Championship,1,1,ab8ab68d
73_2025,Regular Season,2025-05-17,19:30,TB Rowdies,Rhode Island FC,'0-3,"4,810",Elvis Osmanovic,Al Lang Stadium,https://fbref.com/en/matches/5623e32e/Tampa-Bay-Rowdies-Rhode-Island-FC-May-17-2025-USL-Championship,0,3,5623e32e
73_2025,Regular Season,2025-05-17,19:30,Miami FC,Loudoun United,'2-1,"1,257",Muhammad Kaleia,South Dade Kia Field at Pitbull Stadium,https://fbref.com/en/matches/32428e51/Miami-FC-Loudoun-United-May-17-2025-USL-Championship,2,1,32428e51
73_2025,Regular Season,2025-05-17,19:30,Charleston,San Antonio FC,'4-0,"4,465",Brad Jensen,Patriots Point Soccer Complex,https://fbref.com/en/matches/b2ca1543/Charleston-Battery-San-Antonio-FC-May-17-2025-USL-Championship,4,0,b2ca1543
73_2025,Regular Season,2025-05-16,20:00,El Paso,Indy Eleven,'3-1,"5,077",Greg Dopka,Southwest University Park,https://fbref.com/en/matches/bafc47c5/El-Paso-Locomotive-Indy-Eleven-May-16-2025-USL-Championship,3,1,bafc47c5
73_2025,Regular Season,2025-05-18,16:00,B'ham Legion,Detroit City,'1-1,"4,527",Jeremy Scheer,Protective Stadium,https://fbref.com/en/matches/7a186321/Birmingham-Legion-Detroit-City-May-18-2025-USL-Championship,1,1,7a186321
73_2025,Regular Season,2025-05-18,19:00,Lexington SC,FC Tulsa,'0-2,"3,503",Abdou Ndiaye,Lexington SC Stadium,https://fbref.com/en/matches/27669570/Lexington-SC-FC-Tulsa-May-18-2025-USL-Championship,0,2,27669570
73_2025,Regular Season,2025-05-17,19:00,Orange County,New Mexico Utd,'0-3,"5,000",John Matto,Orange Country Great Park Championship S...,https://fbref.com/en/matches/9fcfa6e3/Orange-County-SC-New-Mexico-United-May-17-2025-USL-Championship,0,3,9fcfa6e3
73_2025,Regular Season,2025-05-17,19:00,Sac Republic,LV Lights FC,'5-0,"10,194",Corbyn May,Heart Health Park,https://fbref.com/en/matches/5887d435/Sacramento-Republic-Las-Vegas-Lights-FC-May-17-2025-USL-Championship,5,0,5887d435
73_2025,Regular Season,2025-05-17,19:00,Phx Rising,Monterey Bay,'2-0,"4,037",Trevor Wiseman,Phoenix Rising Soccer Stadium,https://fbref.com/en/matches/7f942d8c/Phoenix-Rising-Monterey-Bay-May-17-2025-USL-Championship,2,0,7f942d8c
73_2025,Regular Season,2025-05-17,19:00,CS Switchbacks,Pittsburgh,'1-0,"8,023",Elton Garcia,Weidner Field,https://fbref.com/en/matches/b2ac01fd/Colorado-Springs-Switchbacks-Pittsburgh-Riverhounds-May-17-2025-USL-Championship,1,0,b2ac01fd
73_2025,Regular Season,2025-05-24,16:00,Detroit City,Charleston,'1-3,"6,733",Elton Garcia,Keyworth Stadium,https://fbref.com/en/matches/0a002ee7/Detroit-City-Charleston-Battery-May-24-2025-USL-Championship,1,3,0a002ee7
73_2025,Regular Season,2025-05-24,16:00,Rhode Island FC,Pittsburgh,'0-1,"8,387",Greg Dopka,Centreville Bank Stadium,https://fbref.com/en/matches/eaf5b69c/Rhode-Island-FC-Pittsburgh-Riverhounds-May-24-2025-USL-Championship,0,1,eaf5b69c
73_2025,Regular Season,2025-05-24,19:00,Miami FC,B'ham Legion,'1-2,"1,011",Natalie Simon,South Dade Kia Field at Pitbull Stadium,https://fbref.com/en/matches/7d6590b2/Miami-FC-Birmingham-Legion-May-24-2025-USL-Championship,1,2,7d6590b2
73_2025,Regular Season,2025-05-24,19:00,Lexington SC,TB Rowdies,'1-1,"4,533",Mathew Corrigan,Lexington SC Stadium,https://fbref.com/en/matches/28f5563a/Lexington-SC-Tampa-Bay-Rowdies-May-24-2025-USL-Championship,1,1,28f5563a
73_2025,Regular Season,2025-05-24,18:00,Orange County,CS Switchbacks,'3-1,"5,000",Atahan Yaya,Orange Country Great Park Championship S...,https://fbref.com/en/matches/4f0a4afa/Orange-County-SC-Colorado-Springs-Switchbacks-May-24-2025-USL-Championship,3,1,4f0a4afa
73_2025,Regular Season,2025-05-24,19:00,Roots,New Mexico Utd,'0-3,"8,757",Trevor Wiseman,Oakland-Alameda County Coliseum,https://fbref.com/en/matches/e7c5b78f/Oakland-Roots-New-Mexico-United-May-24-2025-USL-Championship,0,3,e7c5b78f
73_2025,Regular Season,2025-05-24,19:00,Monterey Bay,Louisville City,'0-2,"3,002",Alyssa Nichols,Cardinale Stadium,https://fbref.com/en/matches/784fd29f/Monterey-Bay-Louisville-City-May-24-2025-USL-Championship,0,2,784fd29f
73_2025,Regular Season,2025-05-24,19:30,LV Lights FC,El Paso,'1-2,"2,396",Joshua Encarnacion,Cashman Field,https://fbref.com/en/matches/f1732812/Las-Vegas-Lights-FC-El-Paso-Locomotive-May-24-2025-USL-Championship,1,2,f1732812
73_2025,Regular Season,2025-05-28,19:00,Indy Eleven,Hartford Athletic,'4-4,"9,056",Joshua Encarnacion,Michael A. Carroll Stadium,https://fbref.com/en/matches/b3540e18/Indy-Eleven-Hartford-Athletic-May-28-2025-USL-Championship,4,4,b3540e18
73_2025,Regular Season,2025-05-28,19:00,San Antonio FC,FC Tulsa,'1-1,"5,659",Katja Koroleva,Toyota Field,https://fbref.com/en/matches/fa796672/San-Antonio-FC-FC-Tulsa-May-28-2025-USL-Championship,1,1,fa796672
73_2025,Regular Season,2025-05-28,19:30,LV Lights FC,Phx Rising,'0-1,"2,165",Matthew Thompson,Cashman Field,https://fbref.com/en/matches/2a39f25d/Las-Vegas-Lights-FC-Phoenix-Rising-May-28-2025-USL-Championship,0,1,2a39f25d
73_2025,Regular Season,2025-06-04,19:00,B'ham Legion,Indy Eleven,'0-1,"4,332",Elton Garcia,Protective Stadium,https://fbref.com/en/matches/233d4d03/Birmingham-Legion-Indy-Eleven-June-4-2025-USL-Championship,0,1,233d4d03
73_2025,Regular Season,2025-06-06,19:30,Hartford Athletic,North Carolina,'0-1,"4,320",Edson Carvajal,Trinity Health Stadium,https://fbref.com/en/matches/cce7c127/Hartford-Athletic-North-Carolina-FC-June-6-2025-USL-Championship,0,1,cce7c127
73_2025,Regular Season,2025-06-07,18:00,Loudoun United,Charleston,'1-1,"1,523",Nabil Bensalah,Segra Field,https://fbref.com/en/matches/00c641f9/Loudoun-United-Charleston-Battery-June-7-2025-USL-Championship,1,1,00c641f9
73_2025,Regular Season,2025-06-07,19:00,Pittsburgh,Detroit City,'2-0,"5,007",Muhammad Hassan,Highmark Stadium,https://fbref.com/en/matches/d14ea0b0/Pittsburgh-Riverhounds-Detroit-City-June-7-2025-USL-Championship,2,0,d14ea0b0
73_2025,Regular Season,2025-06-07,19:00,Rhode Island FC,Miami FC,'0-1,"7,508",Calin Radosav,Centreville Bank Stadium,https://fbref.com/en/matches/e42073a4/Rhode-Island-FC-Miami-FC-June-7-2025-USL-Championship,0,1,e42073a4
73_2025,Regular Season,2025-06-07,19:00,Roots,El Paso,'0-0,"7,586",Ramy Touchan,Oakland-Alameda County Coliseum,https://fbref.com/en/matches/b67f2dc4/Oakland-Roots-El-Paso-Locomotive-June-7-2025-USL-Championship,0,0,b67f2dc4
73_2025,Regular Season,2025-06-07,19:00,New Mexico Utd,CS Switchbacks,'1-1,"9,862",Tim Ford,Isotopes Park,https://fbref.com/en/matches/b77a253b/New-Mexico-United-Colorado-Springs-Switchbacks-June-7-2025-USL-Championship,1,1,b77a253b
73_2025,Regular Season,2025-06-07,19:00,Monterey Bay,Lexington SC,'2-1,"2,420",Alyssa Nichols,Cardinale Stadium,https://fbref.com/en/matches/181f4787/Monterey-Bay-Lexington-SC-June-7-2025-USL-Championship,2,1,181f4787
73_2025,Regular Season,2025-06-07,19:30,Phx Rising,Orange County,'3-1,"4,193",Thomas Snyder,Phoenix Rising Soccer Stadium,https://fbref.com/en/matches/960ba6f7/Phoenix-Rising-Orange-County-SC-June-7-2025-USL-Championship,3,1,960ba6f7
73_2025,Regular Season,2025-06-07,20:00,San Antonio FC,LV Lights FC,'3-0,"5,393",Atahan Yaya,Toyota Field,https://fbref.com/en/matches/c6b59eec/San-Antonio-FC-Las-Vegas-Lights-FC-June-7-2025-USL-Championship,3,0,c6b59eec
73_2025,Regular Season,2025-06-07,20:00,Louisville City,TB Rowdies,'2-1,"8,147",Trevor Wiseman,Lynn Family Stadium,https://fbref.com/en/matches/647944d2/Louisville-City-Tampa-Bay-Rowdies-June-7-2025-USL-Championship,2,1,647944d2
73_2025,Regular Season,2025-06-07,20:00,Sac Republic,FC Tulsa,'0-1,"8,176",Elijio Arreguin,Heart Health Park,https://fbref.com/en/matches/bcdbf23b/Sacramento-Republic-FC-Tulsa-June-7-2025-USL-Championship,0,1,bcdbf23b
73_2025,Regular Season,2025-06-11,20:00,Louisville City,Rhode Island FC,'2-1,"9,183",Elton Garcia,Lynn Family Stadium,https://fbref.com/en/matches/bb99537f/Louisville-City-Rhode-Island-FC-June-11-2025-USL-Championship,2,1,bb99537f
73_2025,Regular Season,2025-06-14,18:00,Loudoun United,Detroit City,'3-2,"1,433",Abdou Ndiaye,Segra Field,https://fbref.com/en/matches/3bf63f5e/Loudoun-United-Detroit-City-June-14-2025-USL-Championship,3,2,3bf63f5e
73_2025,Regular Season,2025-06-14,19:00,Lexington SC,New Mexico Utd,'2-1,"3,471",Matthew Thompson,Lexington SC Stadium,https://fbref.com/en/matches/8f446515/Lexington-SC-New-Mexico-United-June-14-2025-USL-Championship,2,1,8f446515
73_2025,Regular Season,2025-06-14,19:00,Indy Eleven,Pittsburgh,'1-0,"9,207",Alyssa Nichols,Michael A. Carroll Stadium,https://fbref.com/en/matches/2e3e7872/Indy-Eleven-Pittsburgh-Riverhounds-June-14-2025-USL-Championship,1,0,2e3e7872
73_2025,Regular Season,2025-06-14,19:00,Hartford Athletic,Charleston,'1-2,"4,610",Mathew Corrigan,Trinity Health Stadium,https://fbref.com/en/matches/bee1db94/Hartford-Athletic-Charleston-Battery-June-14-2025-USL-Championship,1,2,bee1db94
73_2025,Regular Season,2025-06-14,19:00,Rhode Island FC,North Carolina,'2-1,"7,072",Elijio Arreguin,Centreville Bank Stadium,https://fbref.com/en/matches/9705e4e4/Rhode-Island-FC-North-Carolina-FC-June-14-2025-USL-Championship,2,1,9705e4e4
73_2025,Regular Season,2025-06-14,19:30,TB Rowdies,Miami FC,'2-1,"4,717",Luis Arroyo,Al Lang Stadium,https://fbref.com/en/matches/cc1cb68b/Tampa-Bay-Rowdies-Miami-FC-June-14-2025-USL-Championship,2,1,cc1cb68b
73_2025,Regular Season,2025-06-14,19:00,CS Switchbacks,Roots,'1-0,"7,800",John Matto,Weidner Field,https://fbref.com/en/matches/a00a924a/Colorado-Springs-Switchbacks-Oakland-Roots-June-14-2025-USL-Championship,1,0,a00a924a
73_2025,Regular Season,2025-06-14,19:30,FC Tulsa,Phx Rising,'1-1,"3,444",Natalie Simon,ONEOK Field,https://fbref.com/en/matches/95eb51a8/FC-Tulsa-Phoenix-Rising-June-14-2025-USL-Championship,1,1,95eb51a8
73_2025,Regular Season,2025-06-14,19:30,LV Lights FC,Monterey Bay,'2-0,"2,632",Cristian Campo Hernández,Cashman Field,https://fbref.com/en/matches/b638894d/Las-Vegas-Lights-FC-Monterey-Bay-June-14-2025-USL-Championship,2,0,b638894d
73_2025,Regular Season,2025-06-14,20:00,Sac Republic,San Antonio FC,'0-0,"9,379",Brandon Stevis,Heart Health Park,https://fbref.com/en/matches/30453c5e/Sacramento-Republic-San-Antonio-FC-June-14-2025-USL-Championship,0,0,30453c5e
73_2025,Regular Season,2025-06-14,20:00,Louisville City,B'ham Legion,'4-2,"8,802",Mark Verso,Lynn Family Stadium,https://fbref.com/en/matches/9b4fc16d/Louisville-City-Birmingham-Legion-June-14-2025-USL-Championship,4,2,9b4fc16d
73_2025,Regular Season,2025-06-14,20:00,El Paso,Orange County,'0-3,"4,573",Edson Carvajal,Southwest University Park,https://fbref.com/en/matches/8d6073fc/El-Paso-Locomotive-Orange-County-SC-June-14-2025-USL-Championship,0,3,8d6073fc
73_2025,Regular Season,2025-06-18,19:00,Miami FC,Charleston,'1-0,927,Luis Arroyo,South Dade Kia Field at Pitbull Stadium,https://fbref.com/en/matches/a0fdebae/Miami-FC-Charleston-Battery-June-18-2025-USL-Championship,1,0,a0fdebae
73_2025,Regular Season,2025-06-18,19:00,B'ham Legion,Sac Republic,'1-0,"4,305",Alyssa Nichols,Protective Stadium,https://fbref.com/en/matches/74028159/Birmingham-Legion-Sacramento-Republic-June-18-2025-USL-Championship,1,0,74028159
73_2025,Regular Season,2025-06-20,19:00,Lexington SC,CS Switchbacks,'2-1,"6,012",Alex Billeter,Lexington SC Stadium,https://fbref.com/en/matches/6a6fad3e/Lexington-SC-Colorado-Springs-Switchbacks-June-20-2025-USL-Championship,2,1,6a6fad3e
73_2025,Regular Season,2025-06-20,19:30,North Carolina,Louisville City,'2-1,"2,479",Brad Jensen,First Horizon Stadium at WakeMed Soccer ...,https://fbref.com/en/matches/3803d300/North-Carolina-FC-Louisville-City-June-20-2025-USL-Championship,2,1,3803d300
73_2025,Regular Season,2025-06-20,19:30,Hartford Athletic,Loudoun United,'3-0,"5,500",Elijio Arreguin,Trinity Health Stadium,https://fbref.com/en/matches/c861d704/Hartford-Athletic-Loudoun-United-June-20-2025-USL-Championship,3,0,c861d704
73_2025,Regular Season,2025-06-21,16:00,Detroit City,Miami FC,'2-0,"6,004",Brandon Stevis,Keyworth Stadium,https://fbref.com/en/matches/c23aaa31/Detroit-City-Miami-FC-June-21-2025-USL-Championship,2,0,c23aaa31
73_2025,Regular Season,2025-06-21,19:00,Indy Eleven,LV Lights FC,'0-1,"9,132",John Griggs,Michael A. Carroll Stadium,https://fbref.com/en/matches/4bcf3b74/Indy-Eleven-Las-Vegas-Lights-FC-June-21-2025-USL-Championship,0,1,4bcf3b74
73_2025,Regular Season,2025-06-21,19:00,Pittsburgh,TB Rowdies,'2-1,"5,028",Natalie Simon,Highmark Stadium,https://fbref.com/en/matches/2382ecc0/Pittsburgh-Riverhounds-Tampa-Bay-Rowdies-June-21-2025-USL-Championship,2,1,2382ecc0
73_2025,Regular Season,2025-06-21,19:00,Rhode Island FC,Sac Republic,'0-2,"7,595",Nabil Bensalah,Centreville Bank Stadium,https://fbref.com/en/matches/62376dd2/Rhode-Island-FC-Sacramento-Republic-June-21-2025-USL-Championship,0,2,62376dd2
73_2025,Regular Season,2025-06-21,19:30,Charleston,Phx Rising,'4-1,"5,080",Luis Arroyo,Patriots Point Soccer Complex,https://fbref.com/en/matches/c212f06d/Charleston-Battery-Phoenix-Rising-June-21-2025-USL-Championship,4,1,c212f06d
73_2025,Regular Season,2025-06-21,19:00,New Mexico Utd,San Antonio FC,'4-2,"9,801",Servando Berna Rico,Isotopes Park,https://fbref.com/en/matches/68407282/New-Mexico-United-San-Antonio-FC-June-21-2025-USL-Championship,4,2,68407282
73_2025,Regular Season,2025-06-21,19:00,Monterey Bay,El Paso,'1-2,"3,257",Rodrigo Albuquerque,Cardinale Stadium,https://fbref.com/en/matches/bb66a837/Monterey-Bay-El-Paso-Locomotive-June-21-2025-USL-Championship,1,2,bb66a837
73_2025,Regular Season,2025-06-21,19:00,B'ham Legion,Roots,'0-1,"4,725",Joshua Encarnacion,Protective Stadium,https://fbref.com/en/matches/7d206381/Birmingham-Legion-Oakland-Roots-June-21-2025-USL-Championship,0,1,7d206381
73_2025,Regular Season,2025-06-25,18:00,Loudoun United,Louisville City,'1-4,583,Joshua Encarnacion,Segra Field,https://fbref.com/en/matches/0ab32f10/Loudoun-United-Louisville-City-June-25-2025-USL-Championship,1,4,0ab32f10
73_2025,Regular Season,2025-06-25,19:00,TB Rowdies,Indy Eleven,'3-1,"3,692",Jeremy Scheer,Al Lang Stadium,https://fbref.com/en/matches/609fd3e8/Tampa-Bay-Rowdies-Indy-Eleven-June-25-2025-USL-Championship,3,1,609fd3e8
73_2025,Regular Season,2025-07-02,19:00,B'ham Legion,Charleston,'0-0,"5,805",Matthew Thompson,Protective Stadium,https://fbref.com/en/matches/a4f4110d/Birmingham-Legion-Charleston-Battery-July-2-2025-USL-Championship,0,0,a4f4110d
73_2025,Regular Season,2025-07-03,19:00,Loudoun United,Orange County,'0-0,"3,871",Ben Meyer,Segra Field,https://fbref.com/en/matches/dcdb641c/Loudoun-United-Orange-County-SC-July-3-2025-USL-Championship,0,0,dcdb641c
73_2025,Regular Season,2025-07-04,19:00,Pittsburgh,New Mexico Utd,'1-0,"5,626",Rodrigo Albuquerque,Highmark Stadium,https://fbref.com/en/matches/09f88510/Pittsburgh-Riverhounds-New-Mexico-United-July-4-2025-USL-Championship,1,0,09f88510
73_2025,Regular Season,2025-07-05,19:00,Miami FC,FC Tulsa,'2-2,"1,008",John Matto,South Dade Kia Field at Pitbull Stadium,https://fbref.com/en/matches/8edd1b85/Miami-FC-FC-Tulsa-July-5-2025-USL-Championship,2,2,8edd1b85
73_2025,Regular Season,2025-07-05,19:00,Rhode Island FC,B'ham Legion,'1-1,"10,734",Abdou Ndiaye,Centreville Bank Stadium,https://fbref.com/en/matches/5c93e5f6/Rhode-Island-FC-Birmingham-Legion-July-5-2025-USL-Championship,1,1,5c93e5f6
73_2025,Regular Season,2025-07-04,19:00,CS Switchbacks,Louisville City,'0-1,"7,248",Brandon Stevis,Weidner Field,https://fbref.com/en/matches/33196d11/Colorado-Springs-Switchbacks-Louisville-City-July-4-2025-USL-Championship,0,1,33196d11
73_2025,Regular Season,2025-07-04,19:30,LV Lights FC,Sac Republic,'0-2,"3,538",Muhammad Hassan,Cashman Field,https://fbref.com/en/matches/d120524a/Las-Vegas-Lights-FC-Sacramento-Republic-July-4-2025-USL-Championship,0,2,d120524a
73_2025,Regular Season,2025-07-05,19:30,Indy Eleven,Monterey Bay,'3-0,"9,169",Natalie Simon,Michael A. Carroll Stadium,https://fbref.com/en/matches/6b747ab7/Indy-Eleven-Monterey-Bay-July-5-2025-USL-Championship,3,0,6b747ab7
73_2025,Regular Season,2025-07-04,19:30,Phx Rising,Lexington SC,'0-1,"4,814",Elton Garcia,Phoenix Rising Soccer Stadium,https://fbref.com/en/matches/0dd12627/Phoenix-Rising-Lexington-SC-July-4-2025-USL-Championship,0,1,0dd12627
73_2025,Regular Season,2025-07-04,20:00,El Paso,San Antonio FC,'1-2,"8,432",Thomas Snyder,Southwest University Park,https://fbref.com/en/matches/9831c86e/El-Paso-Locomotive-San-Antonio-FC-July-4-2025-USL-Championship,1,2,9831c86e
73_2025,Regular Season,2025-07-06,17:00,Charleston,North Carolina,'1-0,"3,260",Alyssa Nichols,Patriots Point Soccer Complex,https://fbref.com/en/matches/79c9c623/Charleston-Battery-North-Carolina-FC-July-6-2025-USL-Championship,1,0,79c9c623
73_2025,Regular Season,2025-07-05,19:00,Roots,Detroit City,'2-0,"5,191",Greg Dopka,Oakland-Alameda County Coliseum,https://fbref.com/en/matches/9125299f/Oakland-Roots-Detroit-City-July-5-2025-USL-Championship,2,0,9125299f
73_2025,Regular Season,2025-07-11,19:30,North Carolina,B'ham Legion,'2-3,"2,269",Thomas Snyder,First Horizon Stadium at WakeMed Soccer ...,https://fbref.com/en/matches/510198fe/North-Carolina-FC-Birmingham-Legion-July-11-2025-USL-Championship,2,3,510198fe
73_2025,Regular Season,2025-07-11,18:00,Monterey Bay,Orange County,'2-1,"3,080",Brad Jensen,Cardinale Stadium,https://fbref.com/en/matches/a0ed6d94/Monterey-Bay-Orange-County-SC-July-11-2025-USL-Championship,2,1,a0ed6d94
73_2025,Regular Season,2025-07-12,19:00,Indy Eleven,Rhode Island FC,'1-0,"9,039",Mark Verso,Michael A. Carroll Stadium,https://fbref.com/en/matches/5ac860c8/Indy-Eleven-Rhode-Island-FC-July-12-2025-USL-Championship,1,0,5ac860c8
73_2025,Regular Season,2025-07-12,19:00,Detroit City,Hartford Athletic,'1-2,"6,529",Trevor Wiseman,Keyworth Stadium,https://fbref.com/en/matches/fc2852ba/Detroit-City-Hartford-Athletic-July-12-2025-USL-Championship,1,2,fc2852ba
73_2025,Regular Season,2025-07-12,19:30,Miami FC,Lexington SC,'1-1,"1,014",Elvis Osmanovic,South Dade Kia Field at Pitbull Stadium,https://fbref.com/en/matches/8ecaf52f/Miami-FC-Lexington-SC-July-12-2025-USL-Championship,1,1,8ecaf52f
73_2025,Regular Season,2025-07-13,17:00,Pittsburgh,Loudoun United,'2-2,"4,339",Elton Garcia,Highmark Stadium,https://fbref.com/en/matches/40009236/Pittsburgh-Riverhounds-Loudoun-United-July-13-2025-USL-Championship,2,2,40009236
73_2025,Regular Season,2025-07-12,19:00,New Mexico Utd,Charleston,'1-2,"15,247",Abdou Ndiaye,Isotopes Park,https://fbref.com/en/matches/3f3c9537/New-Mexico-United-Charleston-Battery-July-12-2025-USL-Championship,1,2,3f3c9537
73_2025,Regular Season,2025-07-12,19:00,Roots,Phx Rising,'1-2,"6,125",Joe Dickerson,Oakland-Alameda County Coliseum,https://fbref.com/en/matches/e9d43805/Oakland-Roots-Phoenix-Rising-July-12-2025-USL-Championship,1,2,e9d43805
73_2025,Regular Season,2025-07-12,19:30,FC Tulsa,LV Lights FC,'4-3,"2,605",Adorae Monroy,ONEOK Field,https://fbref.com/en/matches/a27cc619/FC-Tulsa-Las-Vegas-Lights-FC-July-12-2025-USL-Championship,4,3,a27cc619
73_2025,Regular Season,2025-07-12,20:00,Sac Republic,El Paso,'3-0,"8,196",Cristian Campo Hernández,Heart Health Park,https://fbref.com/en/matches/8fd3e544/Sacramento-Republic-El-Paso-Locomotive-July-12-2025-USL-Championship,3,0,8fd3e544
73_2025,Regular Season,2025-07-12,20:00,San Antonio FC,TB Rowdies,'1-0,"5,969",Edson Carvajal,Toyota Field,https://fbref.com/en/matches/7f04a91c/San-Antonio-FC-Tampa-Bay-Rowdies-July-12-2025-USL-Championship,1,0,7f04a91c
73_2025,Regular Season,2025-07-16,19:30,Hartford Athletic,TB Rowdies,'0-1,"5,500",Cristian Campo Hernández,Trinity Health Stadium,https://fbref.com/en/matches/10e0c0cc/Hartford-Athletic-Tampa-Bay-Rowdies-July-16-2025-USL-Championship,0,1,10e0c0cc
73_2025,Regular Season,2025-07-16,19:30,FC Tulsa,Monterey Bay,'2-1,"3,745",Edson Carvajal,ONEOK Field,https://fbref.com/en/matches/cc403e8b/FC-Tulsa-Monterey-Bay-July-16-2025-USL-Championship,2,1,cc403e8b
73_2025,Regular Season,2025-07-18,19:00,Detroit City,Pittsburgh,'0-0,"7,235",Abdou Ndiaye,Keyworth Stadium,https://fbref.com/en/matches/3de0528d/Detroit-City-Pittsburgh-Riverhounds-July-18-2025-USL-Championship,0,0,3de0528d
73_2025,Regular Season,2025-07-18,19:30,North Carolina,Indy Eleven,'4-2,"2,383",Joshua Encarnacion,First Horizon Stadium at WakeMed Soccer ...,https://fbref.com/en/matches/e33f6fd0/North-Carolina-FC-Indy-Eleven-July-18-2025-USL-Championship,4,2,e33f6fd0
73_2025,Regular Season,2025-07-19,16:00,Rhode Island FC,Hartford Athletic,'0-0,"10,619",Jeremy Scheer,Centreville Bank Stadium,https://fbref.com/en/matches/1d4b6ca6/Rhode-Island-FC-Hartford-Athletic-July-19-2025-USL-Championship,0,0,1d4b6ca6
73_2025,Regular Season,2025-07-19,19:00,Loudoun United,Roots,'0-2,"2,069",Gerald Flores,Segra Field,https://fbref.com/en/matches/72b2025c/Loudoun-United-Oakland-Roots-July-19-2025-USL-Championship,0,2,72b2025c
73_2025,Regular Season,2025-07-19,19:30,Charleston,Miami FC,'3-0,"4,284",Mathew Corrigan,Patriots Point Soccer Complex,https://fbref.com/en/matches/0b182b83/Charleston-Battery-Miami-FC-July-19-2025-USL-Championship,3,0,0b182b83
73_2025,Regular Season,2025-07-19,19:00,Orange County,LV Lights FC,'4-0,"5,000",Elton Garcia,Orange Country Great Park Championship S...,https://fbref.com/en/matches/fab03c51/Orange-County-SC-Las-Vegas-Lights-FC-July-19-2025-USL-Championship,4,0,fab03c51
73_2025,Regular Season,2025-07-19,19:00,B'ham Legion,CS Switchbacks,'0-1,"5,007",Elvis Osmanovic,Protective Stadium,https://fbref.com/en/matches/84d0d0fe/Birmingham-Legion-Colorado-Springs-Switchbacks-July-19-2025-USL-Championship,0,1,84d0d0fe
73_2025,Regular Season,2025-07-19,20:00,Sac Republic,Lexington SC,'0-0,"9,880",Joe Dickerson,Heart Health Park,https://fbref.com/en/matches/270dc5c6/Sacramento-Republic-Lexington-SC-July-19-2025-USL-Championship,0,0,270dc5c6
73_2025,Regular Season,2025-07-19,20:00,Louisville City,FC Tulsa,'1-1,"8,859",Luis Arroyo,Lynn Family Stadium,https://fbref.com/en/matches/49a8af51/Louisville-City-FC-Tulsa-July-19-2025-USL-Championship,1,1,49a8af51
73_2025,Regular Season,2025-07-29,19:00,Pittsburgh,Miami FC,'1-1,"5,095",John Griggs,Highmark Stadium,https://fbref.com/en/matches/181c7892/Pittsburgh-Riverhounds-Miami-FC-July-29-2025-USL-Championship,1,1,181c7892
73_2025,Regular Season,2025-07-30,19:00,Orange County,Phx Rising,'4-1,"3,536",Brandon Stevis,Orange Country Great Park Championship S...,https://fbref.com/en/matches/3ce85340/Orange-County-SC-Phoenix-Rising-July-30-2025-USL-Championship,4,1,3ce85340
73_2025,Regular Season,2025-07-30,20:00,Hartford Athletic,New Mexico Utd,'4-0,"4,151",Elton Garcia,Trinity Health Stadium,https://fbref.com/en/matches/d411b371/Hartford-Athletic-New-Mexico-United-July-30-2025-USL-Championship,4,0,d411b371
73_2025,Regular Season,2025-08-01,19:00,CS Switchbacks,Lexington SC,'3-1,"7,349",Mark Verso,Weidner Field,https://fbref.com/en/matches/c768ba04/Colorado-Springs-Switchbacks-Lexington-SC-August-1-2025-USL-Championship,3,1,c768ba04
73_2025,Regular Season,2025-08-02,19:00,Pittsburgh,Rhode Island FC,'2-0,"5,044",Matthew Thompson,Highmark Stadium,https://fbref.com/en/matches/8e11d5a8/Pittsburgh-Riverhounds-Rhode-Island-FC-August-2-2025-USL-Championship,2,0,8e11d5a8
73_2025,Regular Season,2025-08-02,19:00,Indy Eleven,TB Rowdies,'1-3,"9,107",Abdou Ndiaye,Michael A. Carroll Stadium,https://fbref.com/en/matches/bddfba78/Indy-Eleven-Tampa-Bay-Rowdies-August-2-2025-USL-Championship,1,3,bddfba78
73_2025,Regular Season,2025-08-01,19:30,FC Tulsa,Loudoun United,'3-2,"3,871",Corbyn May,ONEOK Field,https://fbref.com/en/matches/1bacb039/FC-Tulsa-Loudoun-United-August-1-2025-USL-Championship,3,2,1bacb039
73_2025,Regular Season,2025-08-02,19:30,Phx Rising,B'ham Legion,'3-3,"3,757",John Matto,Phoenix Rising Soccer Stadium,https://fbref.com/en/matches/ce916582/Phoenix-Rising-Birmingham-Legion-August-2-2025-USL-Championship,3,3,ce916582
73_2025,Regular Season,2025-08-02,20:00,San Antonio FC,Sac Republic,'1-3,"5,494",Atahan Yaya,Toyota Field,https://fbref.com/en/matches/c33f8a28/San-Antonio-FC-Sacramento-Republic-August-2-2025-USL-Championship,1,3,c33f8a28
73_2025,Regular Season,2025-08-02,20:00,Louisville City,North Carolina,'4-1,"9,756",Gerald Flores,Lynn Family Stadium,https://fbref.com/en/matches/dd9572cc/Louisville-City-North-Carolina-FC-August-2-2025-USL-Championship,4,1,dd9572cc
73_2025,Regular Season,2025-08-02,20:00,El Paso,LV Lights FC,'6-0,"4,722",Elijio Arreguin,Southwest University Park,https://fbref.com/en/matches/1ea8170e/El-Paso-Locomotive-Las-Vegas-Lights-FC-August-2-2025-USL-Championship,6,0,1ea8170e
73_2025,Regular Season,2025-08-06,19:00,Rhode Island FC,Detroit City,'1-0,"7,776",Corbyn May,Centreville Bank Stadium,https://fbref.com/en/matches/ba2cbae7/Rhode-Island-FC-Detroit-City-August-6-2025-USL-Championship,1,0,ba2cbae7
73_2025,Regular Season,2025-08-06,19:30,Hartford Athletic,Miami FC,'2-0,"5,365",Thomas Snyder,Trinity Health Stadium,https://fbref.com/en/matches/a384b8fb/Hartford-Athletic-Miami-FC-August-6-2025-USL-Championship,2,0,a384b8fb
73_2025,Regular Season,2025-08-06,19:00,Monterey Bay,FC Tulsa,'2-3,"2,722",Muhammad Hassan,Cardinale Stadium,https://fbref.com/en/matches/9f6b7d59/Monterey-Bay-FC-Tulsa-August-6-2025-USL-Championship,2,3,9f6b7d59
73_2025,Regular Season,2025-08-09,18:00,Lexington SC,Phx Rising,'2-0,"4,233",Alyssa Pennington,Lexington SC Stadium,https://fbref.com/en/matches/00932b26/Lexington-SC-Phoenix-Rising-August-9-2025-USL-Championship,2,0,00932b26
73_2025,Regular Season,2025-08-09,19:00,Rhode Island FC,Loudoun United,'0-0,"8,514",Natalie Simon,Centreville Bank Stadium,https://fbref.com/en/matches/0b9310a1/Rhode-Island-FC-Loudoun-United-August-9-2025-USL-Championship,0,0,0b9310a1
73_2025,Regular Season,2025-08-09,19:00,Pittsburgh,Orange County,'1-1,"5,166",Mark Verso,Highmark Stadium,https://fbref.com/en/matches/440c50bb/Pittsburgh-Riverhounds-Orange-County-SC-August-9-2025-USL-Championship,1,1,440c50bb
73_2025,Regular Season,2025-08-09,19:00,Miami FC,El Paso,'0-0,"1,496",Elton Garcia,South Dade Kia Field at Pitbull Stadium,https://fbref.com/en/matches/02311dda/Miami-FC-El-Paso-Locomotive-August-9-2025-USL-Championship,0,0,02311dda
73_2025,Regular Season,2025-08-09,19:00,Detroit City,Indy Eleven,'1-0,"6,317",Mathew Corrigan,Keyworth Stadium,https://fbref.com/en/matches/7f760106/Detroit-City-Indy-Eleven-August-9-2025-USL-Championship,1,0,7f760106
73_2025,Regular Season,2025-08-09,19:30,North Carolina,TB Rowdies,'2-1,"2,500",Muhammad Kaleia,First Horizon Stadium at WakeMed Soccer ...,https://fbref.com/en/matches/248e9373/North-Carolina-FC-Tampa-Bay-Rowdies-August-9-2025-USL-Championship,2,1,248e9373
73_2025,Regular Season,2025-08-09,19:00,Roots,CS Switchbacks,'1-2,"5,063",Matthew Thompson,Oakland-Alameda County Coliseum,https://fbref.com/en/matches/9d102489/Oakland-Roots-Colorado-Springs-Switchbacks-August-9-2025-USL-Championship,1,2,9d102489
73_2025,Regular Season,2025-08-09,19:00,B'ham Legion,Hartford Athletic,'1-4,"5,007",Servando Berna Rico,Protective Stadium,https://fbref.com/en/matches/c19241cf/Birmingham-Legion-Hartford-Athletic-August-9-2025-USL-Championship,1,4,c19241cf
73_2025,Regular Season,2025-08-09,19:30,FC Tulsa,New Mexico Utd,'5-2,"2,706",Jeremy Scheer,ONEOK Field,https://fbref.com/en/matches/9f16257c/FC-Tulsa-New-Mexico-United-August-9-2025-USL-Championship,5,2,9f16257c
73_2025,Regular Season,2025-08-09,19:30,LV Lights FC,San Antonio FC,'1-1,"2,811",Gerald Flores,Cashman Field,https://fbref.com/en/matches/40fa5b8a/Las-Vegas-Lights-FC-San-Antonio-FC-August-9-2025-USL-Championship,1,1,40fa5b8a
73_2025,Regular Season,2025-08-09,20:00,Sac Republic,Monterey Bay,'1-0,"8,563",Elvis Osmanovic,Heart Health Park,https://fbref.com/en/matches/71d2047b/Sacramento-Republic-Monterey-Bay-August-9-2025-USL-Championship,1,0,71d2047b
73_2025,Regular Season,2025-08-09,20:00,Louisville City,Charleston,'4-1,"13,611",Elijio Arreguin,Lynn Family Stadium,https://fbref.com/en/matches/fc56d4a6/Louisville-City-Charleston-Battery-August-9-2025-USL-Championship,4,1,fc56d4a6
73_2025,Regular Season,2025-08-15,19:30,North Carolina,Detroit City,'1-1,"2,011",Cristian Campo Hernández,First Horizon Stadium at WakeMed Soccer ...,https://fbref.com/en/matches/b775e0c9/North-Carolina-FC-Detroit-City-August-15-2025-USL-Championship,1,1,b775e0c9
73_2025,Regular Season,2025-08-16,19:00,Pittsburgh,Charleston,'1-2,"6,115",Brandon Stevis,Highmark Stadium,https://fbref.com/en/matches/bbdd3e03/Pittsburgh-Riverhounds-Charleston-Battery-August-16-2025-USL-Championship,1,2,bbdd3e03
73_2025,Regular Season,2025-08-16,19:00,Loudoun United,Indy Eleven,'3-2,"2,413",Atahan Yaya,Segra Field,https://fbref.com/en/matches/a4a00857/Loudoun-United-Indy-Eleven-August-16-2025-USL-Championship,3,2,a4a00857
73_2025,Regular Season,2025-08-16,19:00,Hartford Athletic,FC Tulsa,'1-1,"5,500",Bouna Ndiaye,Trinity Health Stadium,https://fbref.com/en/matches/3712bd9d/Hartford-Athletic-FC-Tulsa-August-16-2025-USL-Championship,1,1,3712bd9d
73_2025,Regular Season,2025-08-16,19:30,Miami FC,Louisville City,'2-4,"1,233",Rodrigo Albuquerque,South Dade Kia Field at Pitbull Stadium,https://fbref.com/en/matches/df840ab4/Miami-FC-Louisville-City-August-16-2025-USL-Championship,2,4,df840ab4
73_2025,Regular Season,2025-08-16,19:00,New Mexico Utd,LV Lights FC,'2-2,"11,581",Luis Arroyo,Isotopes Park,https://fbref.com/en/matches/41a452bf/New-Mexico-United-Las-Vegas-Lights-FC-August-16-2025-USL-Championship,2,2,41a452bf
73_2025,Regular Season,2025-08-16,19:00,CS Switchbacks,Orange County,'0-1,"7,525",John Griggs,Weidner Field,https://fbref.com/en/matches/a65613b4/Colorado-Springs-Switchbacks-Orange-County-SC-August-16-2025-USL-Championship,0,1,a65613b4
73_2025,Regular Season,2025-08-16,20:00,Sac Republic,Roots,'3-3,"11,569",Mathew Corrigan,Heart Health Park,https://fbref.com/en/matches/40ccedbc/Sacramento-Republic-Oakland-Roots-August-16-2025-USL-Championship,3,3,40ccedbc
73_2025,Regular Season,2025-08-16,20:00,San Antonio FC,Lexington SC,'0-1,"6,767",Calin Radosav,Toyota Field,https://fbref.com/en/matches/7475f901/San-Antonio-FC-Lexington-SC-August-16-2025-USL-Championship,0,1,7475f901
73_2025,Regular Season,2025-08-16,20:00,El Paso,Monterey Bay,'2-2,"4,564",Nabil Bensalah,Southwest University Park,https://fbref.com/en/matches/3f1080c9/El-Paso-Locomotive-Monterey-Bay-August-16-2025-USL-Championship,2,2,3f1080c9
73_2025,Regular Season,2025-08-16,21:00,TB Rowdies,Phx Rising,'1-1,"4,547",Muhammad Hassan,Al Lang Stadium,https://fbref.com/en/matches/9f13d601/Tampa-Bay-Rowdies-Phoenix-Rising-August-16-2025-USL-Championship,1,1,9f13d601
73_2025,Regular Season,2025-08-23,19:00,Detroit City,TB Rowdies,'2-0,"6,686",John Matto,Keyworth Stadium,https://fbref.com/en/matches/96fa6148/Detroit-City-Tampa-Bay-Rowdies-August-23-2025-USL-Championship,2,0,96fa6148
73_2025,Regular Season,2025-08-23,19:00,Hartford Athletic,Rhode Island FC,'3-0,"5,500",Elvis Osmanovic,Trinity Health Stadium,https://fbref.com/en/matches/85ac9074/Hartford-Athletic-Rhode-Island-FC-August-23-2025-USL-Championship,3,0,85ac9074
73_2025,Regular Season,2025-08-23,19:00,Indy Eleven,Miami FC,'3-2,"9,942",Carlos Rodríguez,Michael A. Carroll Stadium,https://fbref.com/en/matches/faa95cce/Indy-Eleven-Miami-FC-August-23-2025-USL-Championship,3,2,faa95cce
73_2025,Regular Season,2025-08-23,19:00,Lexington SC,Roots,'2-1,"4,508",Joshua Encarnacion,Lexington SC Stadium,https://fbref.com/en/matches/8e89a789/Lexington-SC-Oakland-Roots-August-23-2025-USL-Championship,2,1,8e89a789
73_2025,Regular Season,2025-08-24,17:00,Charleston,Loudoun United,'4-1,"4,070",Elton Garcia,Patriots Point Soccer Complex,https://fbref.com/en/matches/a3d593fe/Charleston-Battery-Loudoun-United-August-24-2025-USL-Championship,4,1,a3d593fe
73_2025,Regular Season,2025-08-23,19:00,Monterey Bay,San Antonio FC,'0-0,"4,266",Elijio Arreguin,Cardinale Stadium,https://fbref.com/en/matches/694bff4c/Monterey-Bay-San-Antonio-FC-August-23-2025-USL-Championship,0,0,694bff4c
73_2025,Regular Season,2025-08-23,19:00,B'ham Legion,Pittsburgh,'1-1,"4,193",Trevor Wiseman,Protective Stadium,https://fbref.com/en/matches/914be6c0/Birmingham-Legion-Pittsburgh-Riverhounds-August-23-2025-USL-Championship,1,1,914be6c0
73_2025,Regular Season,2025-08-23,19:30,Phx Rising,CS Switchbacks,'4-1,"4,118",Thomas Snyder,Phoenix Rising Soccer Stadium,https://fbref.com/en/matches/383f3699/Phoenix-Rising-Colorado-Springs-Switchbacks-August-23-2025-USL-Championship,4,1,383f3699
73_2025,Regular Season,2025-08-23,19:30,LV Lights FC,North Carolina,'1-2,"2,504",Drew Klemp,Cashman Field,https://fbref.com/en/matches/200c17d7/Las-Vegas-Lights-FC-North-Carolina-FC-August-23-2025-USL-Championship,1,2,200c17d7
73_2025,Regular Season,2025-08-23,19:30,FC Tulsa,Orange County,'1-0,"3,317",Nabil Bensalah,ONEOK Field,https://fbref.com/en/matches/29e95a49/FC-Tulsa-Orange-County-SC-August-23-2025-USL-Championship,1,0,29e95a49
73_2025,Regular Season,2025-08-23,20:00,El Paso,Sac Republic,'1-0,"6,349",Edson Carvajal,Southwest University Park,https://fbref.com/en/matches/5e67c484/El-Paso-Locomotive-Sacramento-Republic-August-23-2025-USL-Championship,1,0,5e67c484
73_2025,Regular Season,2025-08-23,20:00,Louisville City,New Mexico Utd,'0-0,"10,719",Brandon Stevis,Lynn Family Stadium,https://fbref.com/en/matches/dd925cd2/Louisville-City-New-Mexico-United-August-23-2025-USL-Championship,0,0,dd925cd2
73_2025,Regular Season,2025-08-30,19:00,Detroit City,San Antonio FC,'1-1,"6,233",Nabil Bensalah,Keyworth Stadium,https://fbref.com/en/matches/1fc61bad/Detroit-City-San-Antonio-FC-August-30-2025-USL-Championship,1,1,1fc61bad
73_2025,Regular Season,2025-08-30,19:00,Loudoun United,Miami FC,'3-1,"2,553",Katja Koroleva,Segra Field,https://fbref.com/en/matches/bc41b6b1/Loudoun-United-Miami-FC-August-30-2025-USL-Championship,3,1,bc41b6b1
73_2025,Regular Season,2025-08-30,19:00,Indy Eleven,Louisville City,'1-3,"10,230",Greg Dopka,Michael A. Carroll Stadium,https://fbref.com/en/matches/dfe0a484/Indy-Eleven-Louisville-City-August-30-2025-USL-Championship,1,3,dfe0a484
73_2025,Regular Season,2025-08-30,19:00,Rhode Island FC,Charleston,'1-0,"7,787",Edson Carvajal,Centreville Bank Stadium,https://fbref.com/en/matches/ef10ee0d/Rhode-Island-FC-Charleston-Battery-August-30-2025-USL-Championship,1,0,ef10ee0d
73_2025,Regular Season,2025-08-30,19:30,North Carolina,Hartford Athletic,'2-3,"2,775",Amin Hadzic,First Horizon Stadium at WakeMed Soccer ...,https://fbref.com/en/matches/a413e30f/North-Carolina-FC-Hartford-Athletic-August-30-2025-USL-Championship,2,3,a413e30f
73_2025,Regular Season,2025-08-30,19:30,TB Rowdies,Pittsburgh,'2-1,"4,375",Servando Berna Rico,Al Lang Stadium,https://fbref.com/en/matches/7608c1ff/Tampa-Bay-Rowdies-Pittsburgh-Riverhounds-August-30-2025-USL-Championship,2,1,7608c1ff
73_2025,Regular Season,2025-08-30,19:00,Orange County,B'ham Legion,'4-4,"5,000",Corbyn May,Orange Country Great Park Championship S...,https://fbref.com/en/matches/d966cfb1/Orange-County-SC-Birmingham-Legion-August-30-2025-USL-Championship,4,4,d966cfb1
73_2025,Regular Season,2025-08-30,19:00,Roots,Monterey Bay,'1-0,"9,871",Thomas Snyder,Oakland-Alameda County Coliseum,https://fbref.com/en/matches/ff806303/Oakland-Roots-Monterey-Bay-August-30-2025-USL-Championship,1,0,ff806303
73_2025,Regular Season,2025-08-30,19:00,New Mexico Utd,Sac Republic,'0-2,"9,752",Mark Verso,Isotopes Park,https://fbref.com/en/matches/d31af200/New-Mexico-United-Sacramento-Republic-August-30-2025-USL-Championship,0,2,d31af200
73_2025,Regular Season,2025-08-30,19:00,CS Switchbacks,FC Tulsa,'2-0,"6,411",Rodrigo Albuquerque,Weidner Field,https://fbref.com/en/matches/1bd10560/Colorado-Springs-Switchbacks-FC-Tulsa-August-30-2025-USL-Championship,2,0,1bd10560
73_2025,Regular Season,2025-08-30,19:30,LV Lights FC,Lexington SC,'1-0,"2,245",Brandon Stevis,Cashman Field,https://fbref.com/en/matches/8510d1ac/Las-Vegas-Lights-FC-Lexington-SC-August-30-2025-USL-Championship,1,0,8510d1ac
73_2025,Regular Season,2025-08-30,19:30,Phx Rising,El Paso,'3-3,"4,030",Muhammad Kaleia,Phoenix Rising Soccer Stadium,https://fbref.com/en/matches/2f687ecf/Phoenix-Rising-El-Paso-Locomotive-August-30-2025-USL-Championship,3,3,2f687ecf
73_2025,Regular Season,2025-09-03,19:30,Hartford Athletic,Indy Eleven,'0-2,"4,966",Jeremy Scheer,Trinity Health Stadium,https://fbref.com/en/matches/5437d8d4/Hartford-Athletic-Indy-Eleven-September-3-2025-USL-Championship,0,2,5437d8d4
73_2025,Regular Season,2025-09-05,18:00,Lexington SC,North Carolina,'2-1,"4,233",Atahan Yaya,Lexington SC Stadium,https://fbref.com/en/matches/9db3348f/Lexington-SC-North-Carolina-FC-September-5-2025-USL-Championship,2,1,9db3348f
73_2025,Regular Season,2025-09-06,19:00,Detroit City,Orange County,'4-1,"5,671",Edson Carvajal,Keyworth Stadium,https://fbref.com/en/matches/33abf222/Detroit-City-Orange-County-SC-September-6-2025-USL-Championship,4,1,33abf222
73_2025,Regular Season,2025-09-06,19:00,Rhode Island FC,Louisville City,'0-1,"10,534",Ben Meyer,Centreville Bank Stadium,https://fbref.com/en/matches/f783f686/Rhode-Island-FC-Louisville-City-September-6-2025-USL-Championship,0,1,f783f686
73_2025,Regular Season,2025-09-06,19:30,Miami FC,Hartford Athletic,'0-1,"1,202",Muhammad Hassan,South Dade Kia Field at Pitbull Stadium,https://fbref.com/en/matches/321ff1ca/Miami-FC-Hartford-Athletic-September-6-2025-USL-Championship,0,1,321ff1ca
73_2025,Regular Season,2025-09-06,19:30,Charleston,Indy Eleven,'2-1,"5,012",Nabil Bensalah,Patriots Point Soccer Complex,https://fbref.com/en/matches/76367f3c/Charleston-Battery-Indy-Eleven-September-6-2025-USL-Championship,2,1,76367f3c
73_2025,Regular Season,2025-09-06,19:30,TB Rowdies,Sac Republic,'0-2,"3,820",Matthew Thompson,Al Lang Stadium,https://fbref.com/en/matches/0246b8f6/Tampa-Bay-Rowdies-Sacramento-Republic-September-6-2025-USL-Championship,0,2,0246b8f6
73_2025,Regular Season,2025-09-05,19:30,Phx Rising,LV Lights FC,'0-0,"4,158",Cristian Campo Hernández,Phoenix Rising Soccer Stadium,https://fbref.com/en/matches/ebad6aa9/Phoenix-Rising-Las-Vegas-Lights-FC-September-5-2025-USL-Championship,0,0,ebad6aa9
73_2025,Regular Season,2025-09-07,11:00,Roots,Pittsburgh,'0-2,"5,232",Elijio Arreguin,Oakland-Alameda County Coliseum,https://fbref.com/en/matches/d7388f3b/Oakland-Roots-Pittsburgh-Riverhounds-September-7-2025-USL-Championship,0,2,d7388f3b
73_2025,Regular Season,2025-09-06,19:00,CS Switchbacks,Monterey Bay,'2-1,"7,244",Elton Garcia,Weidner Field,https://fbref.com/en/matches/cbc9b144/Colorado-Springs-Switchbacks-Monterey-Bay-September-6-2025-USL-Championship,2,1,cbc9b144
73_2025,Regular Season,2025-09-06,19:30,San Antonio FC,New Mexico Utd,'0-1,"6,210",Alyssa Pennington,Toyota Field,https://fbref.com/en/matches/47ba671b/San-Antonio-FC-New-Mexico-United-September-6-2025-USL-Championship,0,1,47ba671b
73_2025,Regular Season,2025-09-06,19:30,FC Tulsa,B'ham Legion,'1-1,"4,012",Muhammad Kaleia,ONEOK Field,https://fbref.com/en/matches/1c28be65/FC-Tulsa-Birmingham-Legion-September-6-2025-USL-Championship,1,1,1c28be65
73_2025,Regular Season,2025-09-06,20:00,El Paso,Loudoun United,'1-2,"4,720",Mathew Corrigan,Southwest University Park,https://fbref.com/en/matches/78e4f457/El-Paso-Locomotive-Loudoun-United-September-6-2025-USL-Championship,1,2,78e4f457
73_2025,Regular Season,2025-09-10,19:00,New Mexico Utd,Detroit City,'4-0,"7,347",Joshua Encarnacion,Isotopes Park,https://fbref.com/en/matches/d017309c/New-Mexico-United-Detroit-City-September-10-2025-USL-Championship,4,0,d017309c
73_2025,Regular Season,2025-09-12,18:00,Lexington SC,Orange County,'1-1,"3,503",Elijio Arreguin,Lexington SC Stadium,https://fbref.com/en/matches/b44089f9/Lexington-SC-Orange-County-SC-September-12-2025-USL-Championship,1,1,b44089f9
73_2025,Regular Season,2025-09-12,19:00,North Carolina,El Paso,'1-0,"2,365",Joe Surgan,First Horizon Stadium at WakeMed Soccer ...,https://fbref.com/en/matches/36e45283/North-Carolina-FC-El-Paso-Locomotive-September-12-2025-USL-Championship,1,0,36e45283
73_2025,Regular Season,2025-09-13,17:00,Loudoun United,San Antonio FC,'2-5,"2,820",Matthew Thompson,Segra Field,https://fbref.com/en/matches/aaef81d5/Loudoun-United-San-Antonio-FC-September-13-2025-USL-Championship,2,5,aaef81d5
73_2025,Regular Season,2025-09-13,19:00,Pittsburgh,Louisville City,'0-2,"5,152",Elvis Osmanovic,Highmark Stadium,https://fbref.com/en/matches/2134f08e/Pittsburgh-Riverhounds-Louisville-City-September-13-2025-USL-Championship,0,2,2134f08e
73_2025,Regular Season,2025-09-13,19:00,Rhode Island FC,Indy Eleven,'1-0,"8,498",Rodrigo Albuquerque,Centreville Bank Stadium,https://fbref.com/en/matches/4de2d1b0/Rhode-Island-FC-Indy-Eleven-September-13-2025-USL-Championship,1,0,4de2d1b0
73_2025,Regular Season,2025-09-13,19:30,Charleston,Roots,'3-3,"4,030",Mark Verso,Patriots Point Soccer Complex,https://fbref.com/en/matches/7211734b/Charleston-Battery-Oakland-Roots-September-13-2025-USL-Championship,3,3,7211734b
73_2025,Regular Season,2025-09-13,19:30,TB Rowdies,CS Switchbacks,'3-3,"3,734",Luis Arroyo,Al Lang Stadium,https://fbref.com/en/matches/6aa79bf9/Tampa-Bay-Rowdies-Colorado-Springs-Switchbacks-September-13-2025-USL-Championship,3,3,6aa79bf9
73_2025,Regular Season,2025-09-13,19:00,Sac Republic,Phx Rising,'2-2,"11,569",Trevor Wiseman,Heart Health Park,https://fbref.com/en/matches/e8fab58b/Sacramento-Republic-Phoenix-Rising-September-13-2025-USL-Championship,2,2,e8fab58b
73_2025,Regular Season,2025-09-13,19:00,New Mexico Utd,FC Tulsa,'0-1,"9,177",Calin Radosav,Isotopes Park,https://fbref.com/en/matches/94f81980/New-Mexico-United-FC-Tulsa-September-13-2025-USL-Championship,0,1,94f81980
73_2025,Regular Season,2025-09-13,19:00,Monterey Bay,Hartford Athletic,'0-4,"3,132",Katja Koroleva,Cardinale Stadium,https://fbref.com/en/matches/a1dc057f/Monterey-Bay-Hartford-Athletic-September-13-2025-USL-Championship,0,4,a1dc057f
73_2025,Regular Season,2025-09-13,19:30,LV Lights FC,Miami FC,'0-0,"3,576",Abdou Ndiaye,Cashman Field,https://fbref.com/en/matches/44888faa/Las-Vegas-Lights-FC-Miami-FC-September-13-2025-USL-Championship,0,0,44888faa
73_2025,Regular Season,2025-09-17,11:30,B'ham Legion,TB Rowdies,'1-4,"5,113",Muhammad Kaleia,Protective Stadium,https://fbref.com/en/matches/ab75ff99/Birmingham-Legion-Tampa-Bay-Rowdies-September-17-2025-USL-Championship,1,4,ab75ff99
73_2025,Regular Season,2025-09-19,19:00,Miami FC,Rhode Island FC,'0-1,768,Cristian Campo Hernández,South Dade Kia Field at Pitbull Stadium,https://fbref.com/en/matches/5caa4a73/Miami-FC-Rhode-Island-FC-September-19-2025-USL-Championship,0,1,5caa4a73
73_2025,Regular Season,2025-09-20,19:00,Hartford Athletic,Pittsburgh,'1-2,"5,250",Greg Dopka,Trinity Health Stadium,https://fbref.com/en/matches/16e9e9ea/Hartford-Athletic-Pittsburgh-Riverhounds-September-20-2025-USL-Championship,1,2,16e9e9ea
73_2025,Regular Season,2025-09-20,19:00,Detroit City,Lexington SC,'0-1,"6,123",Muhammad Hassan,Keyworth Stadium,https://fbref.com/en/matches/85a1411f/Detroit-City-Lexington-SC-September-20-2025-USL-Championship,0,1,85a1411f
73_2025,Regular Season,2025-09-20,19:30,TB Rowdies,North Carolina,'2-2,"5,160",Corbyn May,Al Lang Stadium,https://fbref.com/en/matches/2fc78f04/Tampa-Bay-Rowdies-North-Carolina-FC-September-20-2025-USL-Championship,2,2,2fc78f04
73_2025,Regular Season,2025-09-20,19:30,Louisville City,LV Lights FC,'3-1,"10,825",Natalie Simon,Lynn Family Stadium,https://fbref.com/en/matches/c537d8b9/Louisville-City-Las-Vegas-Lights-FC-September-20-2025-USL-Championship,3,1,c537d8b9
73_2025,Regular Season,2025-09-21,17:00,Indy Eleven,B'ham Legion,'2-1,"10,375",Alyssa Pennington,Michael A. Carroll Stadium,https://fbref.com/en/matches/16e10b2e/Indy-Eleven-Birmingham-Legion-September-21-2025-USL-Championship,2,1,16e10b2e
73_2025,Regular Season,2025-09-20,18:00,CS Switchbacks,Sac Republic,'0-2,"6,843",Jeremy Scheer,Weidner Field,https://fbref.com/en/matches/d471d2f3/Colorado-Springs-Switchbacks-Sacramento-Republic-September-20-2025-USL-Championship,0,2,d471d2f3
73_2025,Regular Season,2025-09-20,19:00,Phx Rising,Loudoun United,'2-2,"4,715",Rodrigo Albuquerque,Phoenix Rising Soccer Stadium,https://fbref.com/en/matches/ad0ec18f/Phoenix-Rising-Loudoun-United-September-20-2025-USL-Championship,2,2,ad0ec18f
73_2025,Regular Season,2025-09-20,19:00,Monterey Bay,New Mexico Utd,'1-1,"3,299",Mathew Corrigan,Cardinale Stadium,https://fbref.com/en/matches/66f556d1/Monterey-Bay-New-Mexico-United-September-20-2025-USL-Championship,1,1,66f556d1
73_2025,Regular Season,2025-09-20,19:00,Roots,FC Tulsa,'1-1,"4,938",Elton Garcia,Oakland-Alameda County Coliseum,https://fbref.com/en/matches/9f50601b/Oakland-Roots-FC-Tulsa-September-20-2025-USL-Championship,1,1,9f50601b
73_2025,Regular Season,2025-09-20,19:30,San Antonio FC,Orange County,'3-1,"5,970",Joshua Encarnacion,Toyota Field,https://fbref.com/en/matches/c33f83e5/San-Antonio-FC-Orange-County-SC-September-20-2025-USL-Championship,3,1,c33f83e5
73_2025,Regular Season,2025-09-20,20:00,El Paso,Charleston,'0-2,"7,842",Servando Berna Rico,Southwest University Park,https://fbref.com/en/matches/53ca1769/El-Paso-Locomotive-Charleston-Battery-September-20-2025-USL-Championship,0,2,53ca1769
73_2025,Regular Season,2025-09-24,19:00,CS Switchbacks,New Mexico Utd,'1-2,"6,059",Muhammad Kaleia,Weidner Field,https://fbref.com/en/matches/77499023/Colorado-Springs-Switchbacks-New-Mexico-United-September-24-2025-USL-Championship,1,2,77499023
73_2025,Regular Season,2025-09-26,19:00,North Carolina,Miami FC,'1-0,"3,774",Edson Carvajal,First Horizon Stadium at WakeMed Soccer ...,https://fbref.com/en/matches/980e63c4/North-Carolina-FC-Miami-FC-September-26-2025-USL-Championship,1,0,980e63c4
73_2025,Regular Season,2025-09-27,19:00,Detroit City,Louisville City,'0-1,"6,269",Elton Garcia,Keyworth Stadium,https://fbref.com/en/matches/b9359fdd/Detroit-City-Louisville-City-September-27-2025-USL-Championship,0,1,b9359fdd
73_2025,Regular Season,2025-09-27,19:00,Indy Eleven,FC Tulsa,'2-1,"9,512",John Matto,Michael A. Carroll Stadium,https://fbref.com/en/matches/18c533d7/Indy-Eleven-FC-Tulsa-September-27-2025-USL-Championship,2,1,18c533d7
73_2025,Regular Season,2025-09-26,20:00,El Paso,Rhode Island FC,'2-2,"5,312",Joshua Encarnacion,Southwest University Park,https://fbref.com/en/matches/711a1faa/El-Paso-Locomotive-Rhode-Island-FC-September-26-2025-USL-Championship,2,2,711a1faa
73_2025,Regular Season,2025-09-28,16:27,New Mexico Utd,Lexington SC,'2-1,"8,439",Rodrigo Albuquerque,Isotopes Park,https://fbref.com/en/matches/d998710c/New-Mexico-United-Lexington-SC-September-28-2025-USL-Championship,2,1,d998710c
73_2025,Regular Season,2025-09-28,17:00,Loudoun United,TB Rowdies,'2-2,"2,640",Thomas Snyder,Segra Field,https://fbref.com/en/matches/c6c2b1d8/Loudoun-United-Tampa-Bay-Rowdies-September-28-2025-USL-Championship,2,2,c6c2b1d8
73_2025,Regular Season,2025-09-28,18:00,Pittsburgh,LV Lights FC,'1-0,"5,011",Amin Hadzic,Highmark Stadium,https://fbref.com/en/matches/184081df/Pittsburgh-Riverhounds-Las-Vegas-Lights-FC-September-28-2025-USL-Championship,1,0,184081df
73_2025,Regular Season,2025-09-27,18:00,CS Switchbacks,Hartford Athletic,'0-2,"7,006",Brad Jensen,Weidner Field,https://fbref.com/en/matches/b9ada2af/Colorado-Springs-Switchbacks-Hartford-Athletic-September-27-2025-USL-Championship,0,2,b9ada2af
73_2025,Regular Season,2025-09-27,19:00,Orange County,Charleston,'2-2,"5,000",Muhammad Kaleia,Orange Country Great Park Championship S...,https://fbref.com/en/matches/34f139ac/Orange-County-SC-Charleston-Battery-September-27-2025-USL-Championship,2,2,34f139ac
73_2025,Regular Season,2025-09-27,19:00,Monterey Bay,Sac Republic,'1-0,"2,747",Corbyn May,Cardinale Stadium,https://fbref.com/en/matches/315bf839/Monterey-Bay-Sacramento-Republic-September-27-2025-USL-Championship,1,0,315bf839
73_2025,Regular Season,2025-09-27,19:00,Phx Rising,Roots,'3-3,"4,999",Elvis Osmanovic,Phoenix Rising Soccer Stadium,https://fbref.com/en/matches/e8fd257e/Phoenix-Rising-Oakland-Roots-September-27-2025-USL-Championship,3,3,e8fd257e
73_2025,Regular Season,2025-09-27,19:30,San Antonio FC,B'ham Legion,'0-0,"7,009",Luis Arroyo,Toyota Field,https://fbref.com/en/matches/fb805ab2/San-Antonio-FC-Birmingham-Legion-September-27-2025-USL-Championship,0,0,fb805ab2
73_2025,Regular Season,2025-10-01,13:00,El Paso,Roots,'3-1,"4,049",Amin Hadzic,Southwest University Park,https://fbref.com/en/matches/ce92c518/El-Paso-Locomotive-Oakland-Roots-October-1-2025-USL-Championship,3,1,ce92c518
73_2025,Regular Season,2025-10-01,19:00,B'ham Legion,North Carolina,'1-1,"3,935",Calin Radosav,Protective Stadium,https://fbref.com/en/matches/e0fca587/Birmingham-Legion-North-Carolina-FC-October-1-2025-USL-Championship,1,1,e0fca587
73_2025,Regular Season,2025-10-01,19:30,Sac Republic,Orange County,'2-1,"9,088",Rodrigo Albuquerque,Heart Health Park,https://fbref.com/en/matches/d6e8ae4c/Sacramento-Republic-Orange-County-SC-October-1-2025-USL-Championship,2,1,d6e8ae4c
73_2025,Regular Season,2025-10-04,16:00,Detroit City,North Carolina,'2-0,"6,127",Mark Verso,Keyworth Stadium,https://fbref.com/en/matches/dc3f4476/Detroit-City-North-Carolina-FC-October-4-2025-USL-Championship,2,0,dc3f4476
73_2025,Regular Season,2025-10-04,17:00,Loudoun United,B'ham Legion,'0-1,"2,681",Edson Carvajal,Segra Field,https://fbref.com/en/matches/d6a51b5e/Loudoun-United-Birmingham-Legion-October-4-2025-USL-Championship,0,1,d6a51b5e
73_2025,Regular Season,2025-10-04,19:00,Miami FC,Pittsburgh,'3-1,"2,033",Drew Klemp,South Dade Kia Field at Pitbull Stadium,https://fbref.com/en/matches/26d68f7a/Miami-FC-Pittsburgh-Riverhounds-October-4-2025-USL-Championship,3,1,26d68f7a
73_2025,Regular Season,2025-10-04,19:30,Louisville City,Indy Eleven,'2-0,"9,785",Servando Berna Rico,Lynn Family Stadium,https://fbref.com/en/matches/d598c0ae/Louisville-City-Indy-Eleven-October-4-2025-USL-Championship,2,0,d598c0ae
73_2025,Regular Season,2025-10-04,19:30,TB Rowdies,Monterey Bay,'4-0,"4,778",Brandon Stevis,Al Lang Stadium,https://fbref.com/en/matches/a2d79e19/Tampa-Bay-Rowdies-Monterey-Bay-October-4-2025-USL-Championship,4,0,a2d79e19
73_2025,Regular Season,2025-10-05,17:00,Rhode Island FC,LV Lights FC,'3-1,"9,879",Katja Koroleva,Centreville Bank Stadium,https://fbref.com/en/matches/88cbc24a/Rhode-Island-FC-Las-Vegas-Lights-FC-October-5-2025-USL-Championship,3,1,88cbc24a
73_2025,Regular Season,2025-10-04,18:00,CS Switchbacks,San Antonio FC,'1-0,"6,452",Cristian Campo Hernández,Weidner Field,https://fbref.com/en/matches/d855bc46/Colorado-Springs-Switchbacks-San-Antonio-FC-October-4-2025-USL-Championship,1,0,d855bc46
73_2025,Regular Season,2025-10-04,19:00,Orange County,El Paso,'0-0,"5,000",Elton Garcia,Orange Country Great Park Championship S...,https://fbref.com/en/matches/7b9b6215/Orange-County-SC-El-Paso-Locomotive-October-4-2025-USL-Championship,0,0,7b9b6215
73_2025,Regular Season,2025-10-04,19:00,FC Tulsa,Lexington SC,'3-0,"3,199",Brad Jensen,ONEOK Field,https://fbref.com/en/matches/0cde6d16/FC-Tulsa-Lexington-SC-October-4-2025-USL-Championship,3,0,0cde6d16
73_2025,Regular Season,2025-10-04,19:00,Phx Rising,New Mexico Utd,'0-1,"5,323",Atahan Yaya,Phoenix Rising Soccer Stadium,https://fbref.com/en/matches/98d94c29/Phoenix-Rising-New-Mexico-United-October-4-2025-USL-Championship,0,1,98d94c29
73_2025,Regular Season,2025-10-07,19:00,Roots,Hartford Athletic,'1-3,"5,716",Alex Billeter,Oakland-Alameda County Coliseum,https://fbref.com/en/matches/33d61e0c/Oakland-Roots-Hartford-Athletic-October-7-2025-USL-Championship,1,3,33d61e0c
73_2025,Regular Season,2025-10-10,19:00,North Carolina,Phx Rising,'0-2,"2,526",Elton Garcia,First Horizon Stadium at WakeMed Soccer ...,https://fbref.com/en/matches/842f63c3/North-Carolina-FC-Phoenix-Rising-October-10-2025-USL-Championship,0,2,842f63c3
73_2025,Regular Season,2025-10-11,16:00,Detroit City,Loudoun United,'0-1,"6,285",Luis Arroyo,Keyworth Stadium,https://fbref.com/en/matches/4209aa87/Detroit-City-Loudoun-United-October-11-2025-USL-Championship,0,1,4209aa87
73_2025,Regular Season,2025-10-11,19:00,Hartford Athletic,Sac Republic,'3-2,"4,558",Brandon Stevis,Trinity Health Stadium,https://fbref.com/en/matches/72eaec44/Hartford-Athletic-Sacramento-Republic-October-11-2025-USL-Championship,3,2,72eaec44
73_2025,Regular Season,2025-10-11,19:00,Rhode Island FC,TB Rowdies,'5-0,"10,621",Jeremy Scheer,Centreville Bank Stadium,https://fbref.com/en/matches/1f6ab4df/Rhode-Island-FC-Tampa-Bay-Rowdies-October-11-2025-USL-Championship,5,0,1f6ab4df
73_2025,Regular Season,2025-10-11,19:00,Lexington SC,El Paso,'1-2,"4,434",Edson Carvajal,Lexington SC Stadium,https://fbref.com/en/matches/4715beab/Lexington-SC-El-Paso-Locomotive-October-11-2025-USL-Championship,1,2,4715beab
73_2025,Regular Season,2025-10-11,19:00,Pittsburgh,Indy Eleven,'2-1,"5,618",Muhammad Kaleia,Highmark Stadium,https://fbref.com/en/matches/6432a25c/Pittsburgh-Riverhounds-Indy-Eleven-October-11-2025-USL-Championship,2,1,6432a25c
73_2025,Regular Season,2025-10-11,19:30,Louisville City,Miami FC,'1-0,"10,237",Amin Hadzic,Lynn Family Stadium,https://fbref.com/en/matches/e4d7a203/Louisville-City-Miami-FC-October-11-2025-USL-Championship,1,0,e4d7a203
73_2025,Regular Season,2025-10-11,19:00,New Mexico Utd,Orange County,'3-3,"8,148",Thomas Snyder,Isotopes Park,https://fbref.com/en/matches/73f4f722/New-Mexico-United-Orange-County-SC-October-11-2025-USL-Championship,3,3,73f4f722
73_2025,Regular Season,2025-10-11,19:00,FC Tulsa,San Antonio FC,'2-0,"2,289",John Griggs,ONEOK Field,https://fbref.com/en/matches/5aed7384/FC-Tulsa-San-Antonio-FC-October-11-2025-USL-Championship,2,0,5aed7384
73_2025,Regular Season,2025-10-11,19:30,LV Lights FC,Roots,'2-2,"4,570",Joe Surgan,Cashman Field,https://fbref.com/en/matches/60b6a7ef/Las-Vegas-Lights-FC-Oakland-Roots-October-11-2025-USL-Championship,2,2,60b6a7ef
73_2025,Regular Season,2025-10-13,17:00,Charleston,CS Switchbacks,'5-0,"2,993",Jeremy Scheer,Patriots Point Soccer Complex,https://fbref.com/en/matches/1a18d280/Charleston-Battery-Colorado-Springs-Switchbacks-October-13-2025-USL-Championship,5,0,1a18d280
73_2025,Regular Season,2025-10-15,19:00,Orange County,San Antonio FC,'1-0,"4,340",Greg Dopka,Orange Country Great Park Championship S...,https://fbref.com/en/matches/f8c96d97/Orange-County-SC-San-Antonio-FC-October-15-2025-USL-Championship,1,0,f8c96d97
73_2025,Regular Season,2025-10-17,18:00,Lexington SC,Sac Republic,'2-2,"5,105",Thomas Snyder,Lexington SC Stadium,https://fbref.com/en/matches/b7029fd7/Lexington-SC-Sacramento-Republic-October-17-2025-USL-Championship,2,2,b7029fd7
73_2025,Regular Season,2025-10-18,18:00,Charleston,Detroit City,'1-1,"4,020",Muhammad Kaleia,Patriots Point Soccer Complex,https://fbref.com/en/matches/b9076d3b/Charleston-Battery-Detroit-City-October-18-2025-USL-Championship,1,1,b9076d3b
73_2025,Regular Season,2025-10-18,19:00,North Carolina,Rhode Island FC,'0-0,"3,586",Elijio Arreguin,First Horizon Stadium at WakeMed Soccer ...,https://fbref.com/en/matches/75b9ad18/North-Carolina-FC-Rhode-Island-FC-October-18-2025-USL-Championship,0,0,75b9ad18
73_2025,Regular Season,2025-10-18,19:30,TB Rowdies,Hartford Athletic,'3-2,"4,527",Elton Garcia,Al Lang Stadium,https://fbref.com/en/matches/850399b0/Tampa-Bay-Rowdies-Hartford-Athletic-October-18-2025-USL-Championship,3,2,850399b0
73_2025,Regular Season,2025-10-19,15:00,New Mexico Utd,Roots,'3-3,"8,756",John Griggs,Isotopes Park,https://fbref.com/en/matches/f9fd5ecb/New-Mexico-United-Oakland-Roots-October-19-2025-USL-Championship,3,3,f9fd5ecb
73_2025,Regular Season,2025-10-19,16:00,B'ham Legion,Miami FC,'2-3,"3,984",Robert Vincze,Protective Stadium,https://fbref.com/en/matches/df4f572c/Birmingham-Legion-Miami-FC-October-19-2025-USL-Championship,2,3,df4f572c
73_2025,Regular Season,2025-10-18,18:00,CS Switchbacks,LV Lights FC,'1-0,"7,364",Edson Carvajal,Weidner Field,https://fbref.com/en/matches/16f18613/Colorado-Springs-Switchbacks-Las-Vegas-Lights-FC-October-18-2025-USL-Championship,1,0,16f18613
73_2025,Regular Season,2025-10-18,19:00,Phx Rising,San Antonio FC,'1-0,"7,563",Brad Jensen,Phoenix Rising Soccer Stadium,https://fbref.com/en/matches/c85024a5/Phoenix-Rising-San-Antonio-FC-October-18-2025-USL-Championship,1,0,c85024a5
73_2025,Regular Season,2025-10-18,19:00,Orange County,Louisville City,'0-0,"5,000",Mathew Corrigan,Orange Country Great Park Championship S...,https://fbref.com/en/matches/b8072f31/Orange-County-SC-Louisville-City-October-18-2025-USL-Championship,0,0,b8072f31
73_2025,Regular Season,2025-10-18,19:00,Monterey Bay,Pittsburgh,'0-3,"2,707",Gerald Flores,Cardinale Stadium,https://fbref.com/en/matches/2ff0aeb5/Monterey-Bay-Pittsburgh-Riverhounds-October-18-2025-USL-Championship,0,3,2ff0aeb5
73_2025,Regular Season,2025-10-18,20:00,El Paso,FC Tulsa,'1-1,"5,657",Natalie Simon,Southwest University Park,https://fbref.com/en/matches/78f2d76b/El-Paso-Locomotive-FC-Tulsa-October-18-2025-USL-Championship,1,1,78f2d76b
73_2025,Regular Season,2025-10-18,21:05,Indy Eleven,Loudoun United,'2-1,"10,163",Brandon Stevis,Michael A. Carroll Stadium,https://fbref.com/en/matches/7dc4c0b1/Indy-Eleven-Loudoun-United-October-18-2025-USL-Championship,2,1,7dc4c0b1
73_2025,Regular Season,2025-10-22,19:00,Sac Republic,Charleston,'1-0,"8,779",Cristian Campo Hernández,Heart Health Park,https://fbref.com/en/matches/30d8068f/Sacramento-Republic-Charleston-Battery-October-22-2025-USL-Championship,1,0,30d8068f
73_2025,Regular Season,2025-10-25,17:00,Charleston,B'ham Legion,'2-1,"4,737",Drew Klemp,Patriots Point Soccer Complex,https://fbref.com/en/matches/b0040fed/Charleston-Battery-Birmingham-Legion-October-25-2025-USL-Championship,2,1,b0040fed
73_2025,Regular Season,2025-10-25,17:00,Loudoun United,North Carolina,'0-1,"4,204",Brad Jensen,Segra Field,https://fbref.com/en/matches/c53056cc/Loudoun-United-North-Carolina-FC-October-25-2025-USL-Championship,0,1,c53056cc
73_2025,Regular Season,2025-10-25,19:00,Pittsburgh,Phx Rising,'0-0,"5,067",Mathew Corrigan,Highmark Stadium,https://fbref.com/en/matches/17655c2f/Pittsburgh-Riverhounds-Phoenix-Rising-October-25-2025-USL-Championship,0,0,17655c2f
73_2025,Regular Season,2025-10-25,19:30,Louisville City,Hartford Athletic,'1-0,"9,527",Atahan Yaya,Lynn Family Stadium,https://fbref.com/en/matches/0667f0a7/Louisville-City-Hartford-Athletic-October-25-2025-USL-Championship,1,0,0667f0a7
73_2025,Regular Season,2025-10-25,19:30,TB Rowdies,Detroit City,'1-1,"7,326",Elijio Arreguin,Al Lang Stadium,https://fbref.com/en/matches/398dcf8e/Tampa-Bay-Rowdies-Detroit-City-October-25-2025-USL-Championship,1,1,398dcf8e
73_2025,Regular Season,2025-10-25,19:00,Orange County,Indy Eleven,'2-1,"5,000",Elvis Osmanovic,Orange Country Great Park Championship S...,https://fbref.com/en/matches/d09e937b/Orange-County-SC-Indy-Eleven-October-25-2025-USL-Championship,2,1,d09e937b
73_2025,Regular Season,2025-10-25,19:00,Sac Republic,Miami FC,'0-1,"11,569",Joe Surgan,Heart Health Park,https://fbref.com/en/matches/a1ec425a/Sacramento-Republic-Miami-FC-October-25-2025-USL-Championship,0,1,a1ec425a
73_2025,Regular Season,2025-10-25,19:00,Monterey Bay,LV Lights FC,'1-1,"3,608",Robert Vincze,Cardinale Stadium,https://fbref.com/en/matches/b8b348f8/Monterey-Bay-Las-Vegas-Lights-FC-October-25-2025-USL-Championship,1,1,b8b348f8
73_2025,Regular Season,2025-10-25,19:00,Roots,Lexington SC,'3-0,"12,079",Greg Dopka,Oakland-Alameda County Coliseum,https://fbref.com/en/matches/b3761190/Oakland-Roots-Lexington-SC-October-25-2025-USL-Championship,3,0,b3761190
73_2025,Regular Season,2025-10-25,20:00,New Mexico Utd,Rhode Island FC,'2-1,"10,125",Brandon Stevis,Isotopes Park,https://fbref.com/en/matches/d3197ed7/New-Mexico-United-Rhode-Island-FC-October-25-2025-USL-Championship,2,1,d3197ed7
73_2025,Regular Season,2025-10-25,20:00,FC Tulsa,CS Switchbacks,'3-0,"2,756",Joshua Encarnacion,ONEOK Field,https://fbref.com/en/matches/6956b484/FC-Tulsa-Colorado-Springs-Switchbacks-October-25-2025-USL-Championship,3,0,6956b484
73_2025,Regular Season,2025-10-25,20:30,San Antonio FC,El Paso,'5-2,"8,164",Abdou Ndiaye,Toyota Field,https://fbref.com/en/matches/71f328f9/San-Antonio-FC-El-Paso-Locomotive-October-25-2025-USL-Championship,5,2,71f328f9
73_2025,Conference Quarterfinals,2025-11-01,18:30,Pittsburgh,Hartford Athletic,'(4) 0-0 (2),"4,932",Elijio Arreguin,Highmark Stadium,https://fbref.com/en/matches/12b7e33f/Pittsburgh-Riverhounds-Hartford-Athletic-November-1-2025-USL-Championship,(4) 0,0 (2),12b7e33f
73_2025,Conference Quarterfinals,2025-11-01,19:00,Louisville City,Detroit City,'0-1,"8,210",Greg Dopka,Lynn Family Stadium,https://fbref.com/en/matches/0e607ac5/Louisville-City-Detroit-City-November-1-2025-USL-Championship,0,1,0e607ac5
73_2025,Conference Quarterfinals,2025-11-01,19:30,North Carolina,Loudoun United,'1-0,"2,005",Natalie Simon,First Horizon Stadium at WakeMed Soccer ...,https://fbref.com/en/matches/f6848c60/North-Carolina-FC-Loudoun-United-November-1-2025-USL-Championship,1,0,f6848c60
73_2025,Conference Quarterfinals,2025-11-02,14:00,Charleston,Rhode Island FC,'(3) 0-0 (5),"4,532",Elton Garcia,Patriots Point Soccer Complex,https://fbref.com/en/matches/addadb76/Charleston-Battery-Rhode-Island-FC-November-2-2025-USL-Championship,(3) 0,0 (5),addadb76
73_2025,Conference Quarterfinals,2025-11-01,19:00,FC Tulsa,CS Switchbacks,'1-0,"7,583",Mathew Corrigan,ONEOK Field,https://fbref.com/en/matches/1bfd8adc/FC-Tulsa-Colorado-Springs-Switchbacks-November-1-2025-USL-Championship,1,0,1bfd8adc
73_2025,Conference Quarterfinals,2025-11-01,19:00,New Mexico Utd,San Antonio FC,'2-0,"8,287",Joshua Encarnacion,Isotopes Park,https://fbref.com/en/matches/ea15f560/New-Mexico-United-San-Antonio-FC-November-1-2025-USL-Championship,2,0,ea15f560
73_2025,Conference Quarterfinals,2025-11-01,20:30,El Paso,Phx Rising,'0-1,"3,469",Jeremy Scheer,Southwest University Park,https://fbref.com/en/matches/24be5050/El-Paso-Locomotive-Phoenix-Rising-November-1-2025-USL-Championship,0,1,24be5050
73_2025,Conference Quarterfinals,2025-11-02,18:00,Sac Republic,Orange County,'(4) 0-0 (5),"9,367",Nabil Bensalah,Heart Health Park,https://fbref.com/en/matches/bfa9e47d/Sacramento-Republic-Orange-County-SC-November-2-2025-USL-Championship,(4) 0,0 (5),bfa9e47d
73_2025,Conference Semifinals,2025-11-08,19:00,FC Tulsa,Phx Rising,'1-0,"7,917",Brandon Stevis,ONEOK Field,https://fbref.com/en/matches/3d46ddab/FC-Tulsa-Phoenix-Rising-November-8-2025-USL-Championship,1,0,3d46ddab
73_2025,Conference Semifinals,2025-11-08,19:00,North Carolina,Rhode Island FC,'0-2,"2,287",Joshua Encarnacion,First Horizon Stadium at WakeMed Soccer ...,https://fbref.com/en/matches/45ab5683/North-Carolina-FC-Rhode-Island-FC-November-8-2025-USL-Championship,0,2,45ab5683
73_2025,Conference Semifinals,2025-11-08,19:00,New Mexico Utd,Orange County,'2-1,"10,150",Elton Garcia,Isotopes Park,https://fbref.com/en/matches/45e3ff58/New-Mexico-United-Orange-County-SC-November-8-2025-USL-Championship,2,1,45e3ff58
73_2025,Conference Semifinals,2025-11-08,19:30,Pittsburgh,Detroit City,'(4) 0-0 (3),"6,220",Natalie Simon,Highmark Stadium,https://fbref.com/en/matches/d1d6f60d/Pittsburgh-Riverhounds-Detroit-City-November-8-2025-USL-Championship,(4) 0,0 (3),d1d6f60d
73_2025,Conference Finals,2025-11-15,18:30,Pittsburgh,Rhode Island FC,'1-0,"6,745",Nabil Bensalah,Highmark Stadium,https://fbref.com/en/matches/1554dc72/Pittsburgh-Riverhounds-Rhode-Island-FC-November-15-2025-USL-Championship,1,0,1554dc72
73_2025,Conference Finals,2025-11-15,19:30,FC Tulsa,New Mexico Utd,'3-0,"9,180",Greg Dopka,ONEOK Field,https://fbref.com/en/matches/42c4f420/FC-Tulsa-New-Mexico-United-November-15-2025-USL-Championship,3,0,42c4f420
73_2025,Final,2025-11-22,11:00,FC Tulsa,Pittsburgh,'(3) 0-0 (5),"9,507",Elijio Arreguin,ONEOK Field,https://fbref.com/en/matches/a7a7731a/FC-Tulsa-Pittsburgh-Riverhounds-November-22-2025-USL-Championship,(3) 0,0 (5),a7a7731a
