team_name,player_url,player_id,match_id,player,nationality,position,age,minutes,goals,assists,pens_made,pens_att,shots,shots_on_target,cards_yellow,cards_red,fouls,fouled,offsides,crosses,tackles_wom,interceptions,own_goals,pens_won,penalties_conceded,primary_position,gk_shots_on_target_against,gk_goals_against,gk_saves,gk_save_pct
Charleston,https://fbref.com/en/players/8bb1c744/Augustine-Williams,8bb1c744,bc392af2,Augustine Williams,SLE,FW,25-290,90,0,0,0,0,0,0,0,0,2,2,0,0,0,0,0,0,0,FW,0.0,0.0,0.0,0.0
Charleston,https://fbref.com/en/players/4abe30fa/Fidel-Barajas,4abe30fa,bc392af2,Fidel Barajas,MEX,AM,17-045,78,0,1,0,0,2,0,0,0,1,0,1,1,0,1,0,0,0,AM,0.0,0.0,0.0,0.0
Charleston,https://fbref.com/en/players/3adea0c9/A-J-Cochran,3adea0c9,bc392af2,A J Cochran,USA,DF,30-100,12,0,0,0,0,0,0,0,0,0,0,0,0,0,1,0,0,0,DF,0.0,0.0,0.0,0.0
Charleston,https://fbref.com/en/players/bc245aa5/Arturo-Rodriguez,bc245aa5,bc392af2,Arturo Rodriguez,MEX,AM,24-156,89,1,0,0,0,3,2,1,0,2,4,0,3,0,1,0,0,0,AM,0.0,0.0,0.0,0.0
Charleston,https://fbref.com/en/players/5005c593/Joe-Schmidt,5005c593,bc392af2,Joe Schmidt,USA,MF,24-199,1,0,0,0,0,0,0,0,0,0,0,0,0,0,0,0,0,0,MF,0.0,0.0,0.0,0.0
Charleston,https://fbref.com/en/players/79979a4e/Robbie-Crawford,79979a4e,bc392af2,Robbie Crawford,SCO,AM,30-062,90,0,0,0,0,0,0,0,0,3,1,0,3,0,2,0,0,0,AM,0.0,0.0,0.0,0.0
Charleston,https://fbref.com/en/players/03748579/Dante-Polvara,03748579,bc392af2,Dante Polvara,USA,DM,22-333,65,0,0,0,0,1,1,0,0,1,1,1,1,0,2,0,0,0,DM,0.0,0.0,0.0,0.0
Charleston,https://fbref.com/en/players/2509d2df/Andrew-Booth,2509d2df,bc392af2,Andrew Booth,JAM,MF,25-308,25,0,0,0,0,0,0,0,0,1,1,0,0,0,0,0,0,0,MF,0.0,0.0,0.0,0.0
Charleston,https://fbref.com/en/players/bd929bce/Chris-Allan,bd929bce,bc392af2,Chris Allan,ENG,DM,24-235,90,0,0,0,0,0,0,0,0,0,1,0,0,0,2,0,0,0,DM,0.0,0.0,0.0,0.0
Charleston,https://fbref.com/en/players/6088d2d9/Deklan-Wynne,6088d2d9,bc392af2,Deklan Wynne,NZL,LB,28-061,90,0,0,0,0,0,0,0,0,1,0,0,1,0,4,0,0,0,LB,0.0,0.0,0.0,0.0
Charleston,https://fbref.com/en/players/0e104fd6/AJ-Paterson,0e104fd6,bc392af2,AJ Paterson,GRN,CB,27-109,90,0,0,0,0,1,0,0,0,1,0,0,0,0,2,0,0,0,CB,0.0,0.0,0.0,0.0
Charleston,https://fbref.com/en/players/bbb1e33e/Leland-Archer,bbb1e33e,bc392af2,Leland Archer,TRI,CB,27-132,90,0,0,0,0,1,0,1,0,2,0,0,0,0,0,0,0,0,CB,0.0,0.0,0.0,0.0
Charleston,https://fbref.com/en/players/b9b0304a/Derek-Dodson,b9b0304a,bc392af2,Derek Dodson,USA,RB,24-198,90,0,0,0,0,1,0,0,0,0,2,0,5,0,1,0,0,0,RB,0.0,0.0,0.0,0.0
Charleston,https://fbref.com/en/players/20e26ab3/Trey-Muse,20e26ab3,bc392af2,Trey Muse,USA,GK,23-298,90,0,0,0,0,0,0,0,0,0,0,0,0,0,0,0,0,0,GK,1.0,0.0,1.0,100.0
Monterey Bay,https://fbref.com/en/players/2f65330c/Christian-Volesky,2f65330c,bc392af2,Christian Volesky,ARG,FW,30-247,90,0,0,0,0,4,1,0,0,0,1,3,1,0,0,0,0,0,FW,0.0,0.0,0.0,0.0
Monterey Bay,https://fbref.com/en/players/59ee1c63/Chase-Boone,59ee1c63,bc392af2,Chase Boone,USA,AM,27-241,70,0,0,0,0,0,0,0,0,0,0,3,2,0,0,0,0,0,AM,0.0,0.0,0.0,0.0
Monterey Bay,https://fbref.com/en/players/fa236b87/Sean-Okoli,fa236b87,bc392af2,Sean Okoli,USA,FW,30-106,20,0,0,0,0,1,0,0,0,0,0,0,1,0,0,0,0,0,FW,0.0,0.0,0.0,0.0
Monterey Bay,https://fbref.com/en/players/e1d41993/Jesus-Enriquez,e1d41993,bc392af2,Jesus Enriquez,MEX,AM,25-277,90,0,0,0,0,1,0,0,0,1,2,0,5,0,0,0,0,0,AM,0.0,0.0,0.0,0.0
Monterey Bay,https://fbref.com/en/players/d19fed25/Alex-Dixon,d19fed25,bc392af2,Alex Dixon,USA,AM,33-102,23,0,0,0,0,0,0,0,0,0,0,0,0,0,0,0,0,0,AM,0.0,0.0,0.0,0.0
Monterey Bay,https://fbref.com/en/players/7ede7032/Jesse-Maldonado,7ede7032,bc392af2,Jesse Maldonado,USA,FW,20-261,47,0,0,0,0,1,0,0,0,1,1,0,0,0,0,0,0,0,FW,0.0,0.0,0.0,0.0
Monterey Bay,https://fbref.com/en/players/ea5ab5f9/Max-Glasser,ea5ab5f9,bc392af2,Max Glasser,USA,DF,22-277,20,0,0,0,0,2,0,0,0,0,1,0,2,0,0,0,0,0,DF,0.0,0.0,0.0,0.0
Monterey Bay,https://fbref.com/en/players/bf3e31aa/Adrian-Rebollar,bf3e31aa,bc392af2,Adrian Rebollar,USA,DM,23-189,90,0,0,0,0,0,0,0,0,3,4,1,0,0,6,0,0,0,DM,0.0,0.0,0.0,0.0
Monterey Bay,https://fbref.com/en/players/e33a8a72/Nevelo-Cosmas,e33a8a72,bc392af2,Nevelo Cosmas,SSD,DM,27-064,81,0,0,0,0,0,0,1,0,3,0,1,0,0,1,0,0,0,DM,0.0,0.0,0.0,0.0
Monterey Bay,https://fbref.com/en/players/9db762f1/Simon-Dawkins,9db762f1,bc392af2,Simon Dawkins,JAM,"FW,MF",35-170,9,0,0,0,0,0,0,0,0,0,0,0,0,0,1,0,0,0,FW,0.0,0.0,0.0,0.0
Monterey Bay,https://fbref.com/en/players/cc9cf9da/Walmer-Martinez,cc9cf9da,bc392af2,Walmer Martinez,SLV,LB,24-276,90,0,0,0,0,0,0,1,0,1,0,0,7,0,3,0,0,0,LB,0.0,0.0,0.0,0.0
Monterey Bay,https://fbref.com/en/players/782277b2/Mobi-Fehr,782277b2,bc392af2,Mobi Fehr,USA,CB,28-158,90,0,0,0,0,0,0,1,0,3,1,0,0,0,3,0,0,0,CB,0.0,0.0,0.0,0.0
Monterey Bay,https://fbref.com/en/players/b5edefd3/Kai-Greene,b5edefd3,bc392af2,Kai Greene,USA,CB,29-317,90,0,0,0,0,2,0,0,0,0,0,0,0,0,0,0,0,0,CB,0.0,0.0,0.0,0.0
Monterey Bay,https://fbref.com/en/players/ccf469ae/Morey-Doner,ccf469ae,bc392af2,Morey Doner,CAN,RB,29-056,90,0,0,0,0,0,0,0,0,0,3,0,5,0,0,0,0,0,RB,0.0,0.0,0.0,0.0
Monterey Bay,https://fbref.com/en/players/4e17631e/Carlos-Herrera,4e17631e,bc392af2,Carlos Herrera,MEX,GK,25-250,90,0,0,0,0,0,0,0,0,0,0,0,0,0,0,0,0,0,GK,3.0,1.0,2.0,66.7
B'ham Legion,https://fbref.com/en/players/0cb2115f/Juan-Agudelo,0cb2115f,6fe04702,Juan Agudelo,USA,FW,30-178,90,1,0,0,0,2,1,0,0,3,3,2,0,0,0,0,0,0,FW,0.0,0.0,0.0,0.0
B'ham Legion,https://fbref.com/en/players/e41bbc5d/Enzo-Martinez,e41bbc5d,6fe04702,Enzo Martinez,URU,FW,32-233,90,0,0,0,0,0,0,0,0,1,1,1,0,0,0,0,0,0,FW,0.0,0.0,0.0,0.0
B'ham Legion,https://fbref.com/en/players/3a7bec1b/Tyler-Pasher,3a7bec1b,6fe04702,Tyler Pasher,CAN,FW,29-023,90,0,0,0,0,0,0,0,0,0,1,0,3,0,0,0,0,0,FW,0.0,0.0,0.0,0.0
B'ham Legion,https://fbref.com/en/players/4f9c3df6/Gabriel-Alves,4f9c3df6,6fe04702,Gabriel Alves,,LM,0,82,0,0,0,0,0,0,0,0,2,0,2,4,0,0,0,0,0,LM,0.0,0.0,0.0,0.0
B'ham Legion,https://fbref.com/en/players/f20ca027/Diba-Nwegbo,f20ca027,6fe04702,Diba Nwegbo,NGA,MF,21-139,8,0,0,0,0,0,0,0,0,0,0,0,1,0,0,0,0,0,MF,0.0,0.0,0.0,0.0
B'ham Legion,https://fbref.com/en/players/fa452499/Mikey-Lopez,fa452499,6fe04702,Mikey Lopez,USA,CM,30-089,78,0,0,0,0,0,0,0,0,3,3,0,0,0,2,0,0,0,CM,0.0,0.0,0.0,0.0
B'ham Legion,https://fbref.com/en/players/6f0a801a/Ben-Reveno,6f0a801a,6fe04702,Ben Reveno,USA,DF,24-052,12,0,0,0,0,0,0,0,0,1,0,0,0,0,0,0,0,0,DF,0.0,0.0,0.0,0.0
B'ham Legion,https://fbref.com/en/players/ed8d0da6/Anderson-Asiedu,ed8d0da6,6fe04702,Anderson Asiedu,GHA,CM,26-342,90,0,0,0,0,2,1,1,0,5,0,0,0,0,1,0,0,0,CM,0.0,0.0,0.0,0.0
B'ham Legion,https://fbref.com/en/players/a4e068dc/Prosper-Kasim,a4e068dc,6fe04702,Prosper Kasim,GHA,RM,26-156,90,0,1,0,0,2,0,0,0,0,0,1,2,0,0,0,0,0,RM,0.0,0.0,0.0,0.0
B'ham Legion,https://fbref.com/en/players/ff98d5ca/Phanuel-Kavita,ff98d5ca,6fe04702,Phanuel Kavita,RWA,CB,30-072,90,0,0,0,0,1,0,0,0,0,0,0,0,0,2,0,0,0,CB,0.0,0.0,0.0,0.0
B'ham Legion,https://fbref.com/en/players/1169c5eb/Alex-Crognale,1169c5eb,6fe04702,Alex Crognale,USA,CB,28-266,90,0,0,0,0,0,0,0,0,1,1,0,0,0,0,0,0,0,CB,0.0,0.0,0.0,0.0
B'ham Legion,https://fbref.com/en/players/2ff7465d/Jake-Rufe,2ff7465d,6fe04702,Jake Rufe,USA,CB,27-118,70,0,0,0,0,0,0,0,0,2,0,0,0,0,2,0,0,0,CB,0.0,0.0,0.0,0.0
B'ham Legion,https://fbref.com/en/players/0acbd246/Matthew-Corcoran,0acbd246,6fe04702,Matthew Corcoran,USA,MF,17-092,20,0,0,0,0,0,0,0,0,2,0,0,1,0,0,0,0,0,MF,0.0,0.0,0.0,0.0
B'ham Legion,https://fbref.com/en/players/6b9a35b3/Matt-Van-Oekel,6b9a35b3,6fe04702,Matt Van Oekel,USA,GK,36-242,90,0,0,0,0,0,0,0,0,0,0,0,0,0,0,0,0,0,GK,4.0,2.0,2.0,50.0
El Paso,https://fbref.com/en/players/760de4ba/Luis-Solignac,760de4ba,6fe04702,Luis Solignac,ARG,FW,32-093,45,1,0,0,0,1,1,0,0,1,1,0,0,0,0,0,0,0,FW,0.0,0.0,0.0,0.0
El Paso,https://fbref.com/en/players/1a00d00d/Emmanuel-Sonupe,1a00d00d,6fe04702,Emmanuel Sonupe,ENG,MF,27-060,45,0,0,0,0,1,1,0,0,1,0,0,1,0,0,0,0,0,MF,0.0,0.0,0.0,0.0
El Paso,https://fbref.com/en/players/7449fa6a/Josue-Gomez-Gomez,7449fa6a,6fe04702,Josue Gomez Gomez,MEX,AM,28-269,90,0,0,0,0,3,1,0,0,1,7,0,1,0,0,0,0,0,AM,0.0,0.0,0.0,0.0
El Paso,https://fbref.com/en/players/99ddf98d/Ricardo-Zacarias,99ddf98d,6fe04702,Ricardo Zacarias,USA,AM,27-262,64,0,0,0,0,1,0,0,0,0,0,0,0,0,0,0,0,0,AM,0.0,0.0,0.0,0.0
El Paso,https://fbref.com/en/players/f6390a6b/Christopher-Garcia,f6390a6b,6fe04702,Christopher Garcia,USA,FW,20-127,26,0,0,0,0,1,0,0,0,0,0,0,2,0,2,0,0,0,FW,0.0,0.0,0.0,0.0
El Paso,https://fbref.com/en/players/82161e08/Denys-Kostyshyn,82161e08,6fe04702,Denys Kostyshyn,UKR,AM,25-262,71,0,0,0,0,3,0,0,0,0,2,1,1,0,0,0,0,0,AM,0.0,0.0,0.0,0.0
El Paso,https://fbref.com/en/players/7bcb9cc1/Louis-Chapa-Herrera,7bcb9cc1,6fe04702,Louis Chapa Herrera,USA,MF,27-017,19,0,0,0,0,0,0,0,0,0,0,0,0,0,1,0,0,0,MF,0.0,0.0,0.0,0.0
El Paso,https://fbref.com/en/players/f984f68b/Eric-Calvillo,f984f68b,6fe04702,Eric Calvillo,SLV,DM,25-138,90,0,0,0,0,0,0,0,0,0,3,0,2,0,2,0,0,0,DM,0.0,0.0,0.0,0.0
El Paso,https://fbref.com/en/players/6bf1e866/Liam-Rose,6bf1e866,6fe04702,Liam Rose,AUS,DM,26-043,89,1,0,0,0,1,1,0,0,1,1,0,0,0,3,0,0,0,DM,0.0,0.0,0.0,0.0
El Paso,https://fbref.com/en/players/73cc827d/Nick-Hinds,73cc827d,6fe04702,Nick Hinds,USA,"DF,FW",25-217,1,0,0,0,0,0,0,0,0,0,0,0,0,0,0,0,0,0,DF,0.0,0.0,0.0,0.0
El Paso,https://fbref.com/en/players/812c0d71/Eder-Borelli,812c0d71,6fe04702,Eder Borelli,MEX,LB,32-176,90,0,0,0,0,0,0,0,0,1,3,0,0,0,0,0,0,0,LB,0.0,0.0,0.0,0.0
El Paso,https://fbref.com/en/players/fc33c3f4/Bence-Pavkovics,fc33c3f4,6fe04702,Bence Pavkovics,HUN,CB,26-054,90,0,0,0,0,1,0,0,0,2,0,0,0,0,1,0,0,0,CB,0.0,0.0,0.0,0.0
El Paso,https://fbref.com/en/players/7e50dd2c/Erik-McCue,7e50dd2c,6fe04702,Erik McCue,USA,CB,22-122,90,0,0,0,0,0,0,0,0,1,0,0,0,0,3,0,0,0,CB,0.0,0.0,0.0,0.0
El Paso,https://fbref.com/en/players/b4a650b1/Miles-Lyons,b4a650b1,6fe04702,Miles Lyons,USA,RB,20-224,71,0,0,0,0,0,0,0,0,1,3,0,0,0,0,0,0,0,RB,0.0,0.0,0.0,0.0
El Paso,https://fbref.com/en/players/c2846353/Marc-Navarro,c2846353,6fe04702,Marc Navarro,ESP,"DF,MF",27-322,19,0,0,0,0,1,0,0,0,0,0,0,2,0,0,0,0,0,DF,0.0,0.0,0.0,0.0
El Paso,https://fbref.com/en/players/22232b62/Benny-Diaz,22232b62,6fe04702,Benny Diaz,MEX,GK,24-156,90,0,0,0,0,0,0,0,0,0,0,0,0,0,0,0,0,0,GK,2.0,1.0,1.0,50.0
Pittsburgh,https://fbref.com/en/players/655352d4/Albert-Dikwa,655352d4,5c7b76d9,Albert Dikwa,CMR,FW,25-138,61,0,0,0,0,1,0,0,0,4,0,0,0,0,0,0,0,0,FW,0.0,0.0,0.0,0.0
Pittsburgh,https://fbref.com/en/players/1f28cb11/Trevor-Zwetsloot,1f28cb11,5c7b76d9,Trevor Zwetsloot,NZL,MF,23-216,29,0,0,0,0,0,0,0,0,1,0,0,0,0,0,0,0,0,MF,0.0,0.0,0.0,0.0
Pittsburgh,https://fbref.com/en/players/2f2c0ab1/Edward-Kizza,2f2c0ab1,5c7b76d9,Edward Kizza,UGA,LM,24-154,90,2,0,0,0,4,3,0,0,1,5,2,0,0,0,0,0,0,LM,0.0,0.0,0.0,0.0
Pittsburgh,https://fbref.com/en/players/54f58f49/Junior-Etou,54f58f49,5c7b76d9,Junior Etou,CGO,CM,28-353,61,0,0,0,0,0,0,0,0,1,1,0,0,0,1,0,0,0,CM,0.0,0.0,0.0,0.0
Pittsburgh,https://fbref.com/en/players/96d8bcfb/Tola-Showunmi,96d8bcfb,5c7b76d9,Tola Showunmi,ENG,FW,22-321,29,0,0,0,0,0,0,1,0,2,1,1,0,0,0,0,0,0,FW,0.0,0.0,0.0,0.0
Pittsburgh,https://fbref.com/en/players/a493be2d/Danny-Griffin,a493be2d,5c7b76d9,Danny Griffin,USA,CM,24-310,71,1,0,0,0,3,1,0,0,0,0,1,0,0,0,0,0,0,CM,0.0,0.0,0.0,0.0
Pittsburgh,https://fbref.com/en/players/02019ede/Marc-Ybarra,02019ede,5c7b76d9,Marc Ybarra,USA,MF,24-153,19,0,0,0,0,0,0,0,0,0,0,0,0,0,0,0,0,0,MF,0.0,0.0,0.0,0.0
Pittsburgh,https://fbref.com/en/players/3de0d48c/Kenardo-Forbes,3de0d48c,5c7b76d9,Kenardo Forbes,JAM,RM,35-005,71,0,1,0,0,1,0,0,0,1,0,0,4,0,1,0,0,0,RM,0.0,0.0,0.0,0.0
Pittsburgh,https://fbref.com/en/players/7d78e0f3/Robbie-Mertz,7d78e0f3,5c7b76d9,Robbie Mertz,USA,MF,26-167,19,0,0,0,0,0,0,0,0,0,0,0,0,0,0,0,0,0,MF,0.0,0.0,0.0,0.0
Pittsburgh,https://fbref.com/en/players/d57f7428/Langston-Blackstock,d57f7428,5c7b76d9,Langston Blackstock,USA,LB,23-058,90,0,0,0,0,2,0,0,0,0,2,0,2,0,1,0,0,0,LB,0.0,0.0,0.0,0.0
Pittsburgh,https://fbref.com/en/players/f2bef821/Nathan-Dossantos,f2bef821,5c7b76d9,Nathan Dossantos,USA,CB,24-039,90,0,0,0,0,0,0,0,0,0,0,0,1,0,2,0,0,0,CB,0.0,0.0,0.0,0.0
Pittsburgh,https://fbref.com/en/players/16ecce68/Arturo-Ordonez,16ecce68,5c7b76d9,Arturo Ordonez,ESP,CB,25-363,78,1,0,0,0,3,1,0,0,2,0,0,0,0,0,0,0,0,CB,0.0,0.0,0.0,0.0
Pittsburgh,https://fbref.com/en/players/c23a4a86/Michael-DeShields,c23a4a86,5c7b76d9,Michael DeShields,TRI,DF,25-027,12,0,0,0,0,0,0,0,0,0,0,0,0,0,1,0,0,0,DF,0.0,0.0,0.0,0.0
Pittsburgh,https://fbref.com/en/players/4944b644/Patrick-Hogan,4944b644,5c7b76d9,Patrick Hogan,USA,CB,25-245,90,0,0,0,0,0,0,0,0,2,1,0,0,0,0,0,0,0,CB,0.0,0.0,0.0,0.0
Pittsburgh,https://fbref.com/en/players/a68a9609/Burke-Fahling,a68a9609,5c7b76d9,Burke Fahling,USA,RB,25-290,90,0,1,0,0,0,0,0,0,1,3,0,4,0,1,0,0,0,RB,0.0,0.0,0.0,0.0
Pittsburgh,https://fbref.com/en/players/58d392ed/Jahmali-Waite,58d392ed,5c7b76d9,Jahmali Waite,JAM,GK,24-147,90,0,0,0,0,0,0,0,0,0,0,0,0,0,0,0,0,0,GK,2.0,1.0,1.0,50.0
LV Lights FC,https://fbref.com/en/players/53b90314/Andrew-Carleton,53b90314,5c7b76d9,Andrew Carleton,USA,FW,22-332,90,0,0,0,0,3,0,0,0,1,1,0,4,0,0,0,0,0,FW,0.0,0.0,0.0,0.0
LV Lights FC,https://fbref.com/en/players/fb7e1eba/Pato-Botello,fb7e1eba,5c7b76d9,Pato Botello,MEX,FW,26-254,90,0,0,0,0,1,0,0,0,1,5,0,0,0,0,0,0,0,FW,0.0,0.0,0.0,0.0
LV Lights FC,https://fbref.com/en/players/b7f98460/Erick-Torres,b7f98460,5c7b76d9,Erick Torres,MEX,FW,30-121,45,0,0,0,0,0,0,0,0,1,0,0,0,0,0,0,0,0,FW,0.0,0.0,0.0,0.0
LV Lights FC,https://fbref.com/en/players/75a0181e/Preston-Tabortetaka,75a0181e,5c7b76d9,Preston Tabortetaka,CMR,"FW,MF",24-344,45,0,0,0,0,0,0,0,0,1,1,0,1,0,0,0,0,0,FW,0.0,0.0,0.0,0.0
LV Lights FC,https://fbref.com/en/players/62523933/Jacob-Bushue,62523933,5c7b76d9,Jacob Bushue,USA,CM,31-005,90,0,0,0,0,0,0,0,0,1,1,0,0,0,1,0,0,0,CM,0.0,0.0,0.0,0.0
LV Lights FC,https://fbref.com/en/players/2d378ac5/Andres-Jimenez,2d378ac5,5c7b76d9,Andres Jimenez,USA,CM,23-072,45,0,0,0,0,0,0,0,0,0,0,0,0,0,1,0,0,0,CM,0.0,0.0,0.0,0.0
LV Lights FC,https://fbref.com/en/players/505a12f0/Timothie-Zali,505a12f0,5c7b76d9,Timothie Zali,SUI,DF,25-117,45,0,0,0,0,1,0,1,0,3,1,0,1,0,0,0,0,0,DF,0.0,0.0,0.0,0.0
LV Lights FC,https://fbref.com/en/players/fb79af97/Emmanuel-Ledesma,fb79af97,5c7b76d9,Emmanuel Ledesma,ARG,CM,34-361,69,0,0,0,0,3,0,1,0,1,1,0,1,0,0,0,0,0,CM,0.0,0.0,0.0,0.0
LV Lights FC,https://fbref.com/en/players/e863a88a/Danny-Rios,e863a88a,5c7b76d9,Danny Rios,SLV,MF,20-052,21,0,1,0,0,2,0,0,0,0,0,0,0,0,0,0,0,0,MF,0.0,0.0,0.0,0.0
LV Lights FC,https://fbref.com/en/players/49cc5379/Jordan-Ayimbila,49cc5379,5c7b76d9,Jordan Ayimbila,GHA,LB,22-095,60,0,0,0,0,0,0,0,0,1,0,0,2,0,1,0,0,0,LB,0.0,0.0,0.0,0.0
LV Lights FC,https://fbref.com/en/players/544a1480/Issa-Rayyan,544a1480,5c7b76d9,Issa Rayyan,USA,"FW,MF",22-269,30,0,0,0,0,1,1,0,0,1,1,0,0,0,0,0,0,0,FW,0.0,0.0,0.0,0.0
LV Lights FC,https://fbref.com/en/players/a2dbbfaf/Marcelo-Lage,a2dbbfaf,5c7b76d9,Marcelo Lage,USA,CB,23-079,88,1,0,0,0,1,1,0,0,1,1,0,0,0,3,0,0,0,CB,0.0,0.0,0.0,0.0
LV Lights FC,https://fbref.com/en/players/ec115d56/Tyler-Bagley,ec115d56,5c7b76d9,Tyler Bagley,USA,MF,23-352,2,0,0,0,0,0,0,0,0,0,1,0,0,0,0,0,0,0,MF,0.0,0.0,0.0,0.0
LV Lights FC,https://fbref.com/en/players/f209d2aa/Zach-Carroll,f209d2aa,5c7b76d9,Zach Carroll,USA,CB,29-065,90,0,0,0,0,0,0,0,0,0,0,0,0,0,3,0,0,0,CB,0.0,0.0,0.0,0.0
LV Lights FC,https://fbref.com/en/players/c5e3e29c/Lucas-Stauffer,c5e3e29c,5c7b76d9,Lucas Stauffer,USA,RB,28-029,90,0,0,0,0,0,0,0,0,1,0,0,3,0,1,0,0,0,RB,0.0,0.0,0.0,0.0
LV Lights FC,https://fbref.com/en/players/345440b9/Leonardo-Diaz,345440b9,5c7b76d9,Leonardo Diaz,ARG,GK,23-113,90,0,0,0,0,0,0,0,0,0,1,0,0,0,0,0,0,0,GK,5.0,4.0,1.0,20.0
Indy Eleven,https://fbref.com/en/players/fd531ced/Sebastian-Guenzatti,fd531ced,747b993d,Sebastian Guenzatti,URU,FW,31-316,71,0,1,0,0,3,2,0,0,0,1,0,0,0,0,0,0,0,FW,0.0,0.0,0.0,0.0
Indy Eleven,https://fbref.com/en/players/60b4d213/Solomon-Asante,60b4d213,747b993d,Solomon Asante,GHA,"FW,MF",33-075,19,0,0,0,0,0,0,0,0,0,1,0,0,0,0,0,0,0,FW,0.0,0.0,0.0,0.0
Indy Eleven,https://fbref.com/en/players/3e7ebb9a/Douglas-Martinez,3e7ebb9a,747b993d,Douglas Martinez,HON,FW,25-349,81,0,0,0,0,1,0,1,0,2,3,0,4,0,0,0,0,0,FW,0.0,0.0,0.0,0.0
Indy Eleven,https://fbref.com/en/players/473902d6/Juan-Tejada,473902d6,747b993d,Juan Tejada,PAN,"FW,MF",26-126,9,0,0,0,0,0,0,0,0,0,0,0,0,0,1,0,0,0,FW,0.0,0.0,0.0,0.0
Indy Eleven,https://fbref.com/en/players/73366dc8/Aodhan-Quinn,73366dc8,747b993d,Aodhan Quinn,USA,LM,31-059,90,0,0,0,0,0,0,0,0,2,2,1,2,0,1,0,0,0,LM,0.0,0.0,0.0,0.0
Indy Eleven,https://fbref.com/en/players/f03a0471/Cameron-Lindley,f03a0471,747b993d,Cameron Lindley,USA,CM,25-306,90,0,0,0,0,1,0,0,0,2,4,0,2,0,0,0,0,0,CM,0.0,0.0,0.0,0.0
Indy Eleven,https://fbref.com/en/players/68cd160e/Jack-Blake,68cd160e,747b993d,Jack Blake,SCO,CM,28-240,90,0,0,0,0,1,1,1,0,0,3,0,1,0,0,0,0,0,CM,0.0,0.0,0.0,0.0
Indy Eleven,https://fbref.com/en/players/1cdd642f/Younes-Boudadi,1cdd642f,747b993d,Younes Boudadi,MAR,RM,27-117,90,0,0,0,0,0,0,0,0,1,1,2,1,0,0,0,0,0,RM,0.0,0.0,0.0,0.0
Indy Eleven,https://fbref.com/en/players/210b2e5d/Bryam-Rebellon,210b2e5d,747b993d,Bryam Rebellon,COL,LB,31-118,18,1,0,0,0,1,1,0,0,0,1,0,0,0,0,0,0,0,LB,0.0,0.0,0.0,0.0
Indy Eleven,https://fbref.com/en/players/b842703c/Jesus-Vazquez,b842703c,747b993d,Jesus Vazquez,MEX,DF,28-059,72,0,0,0,0,0,0,0,0,0,0,0,0,0,1,0,0,0,DF,0.0,0.0,0.0,0.0
Indy Eleven,https://fbref.com/en/players/376f7f40/Gustavo-Rissi,376f7f40,747b993d,Gustavo Rissi,BRA,CB,25-105,90,0,0,0,0,0,0,1,0,2,2,0,1,0,0,0,0,0,CB,0.0,0.0,0.0,0.0
Indy Eleven,https://fbref.com/en/players/f4462455/Adrian-Diz-Pe,f4462455,747b993d,Adrian Diz Pe,CUB,CB,29-077,90,0,0,0,0,2,0,1,0,3,1,0,0,0,2,0,0,0,CB,0.0,0.0,0.0,0.0
Indy Eleven,https://fbref.com/en/players/7081e48f/Macauley-King,7081e48f,747b993d,Macauley King,ENG,RB,27-228,90,0,0,0,0,0,0,0,0,1,1,0,1,0,0,0,0,0,RB,0.0,0.0,0.0,0.0
Indy Eleven,https://fbref.com/en/players/e0571635/Yannik-Oettl,e0571635,747b993d,Yannik Oettl,GER,GK,26-182,90,0,0,0,0,0,0,0,0,0,0,0,0,0,0,0,0,0,GK,4.0,0.0,4.0,100.0
CS Switchbacks,https://fbref.com/en/players/a851a29d/Maalique-Foster,a851a29d,747b993d,Maalique Foster,JAM,FW,26-196,90,0,0,0,0,1,1,0,0,2,1,1,1,0,0,0,0,0,FW,0.0,0.0,0.0,0.0
CS Switchbacks,https://fbref.com/en/players/51f50135/Drew-Skundrich,51f50135,747b993d,Drew Skundrich,USA,AM,27-245,90,0,0,0,0,0,0,0,0,2,2,1,0,0,1,0,0,0,AM,0.0,0.0,0.0,0.0
CS Switchbacks,https://fbref.com/en/players/95b5b69a/Tyreek-Magee,95b5b69a,747b993d,Tyreek Magee,JAM,AM,23-266,67,0,0,0,0,1,0,0,0,0,3,0,0,0,1,0,0,0,AM,0.0,0.0,0.0,0.0
CS Switchbacks,https://fbref.com/en/players/28b34fe3/Aaron-Wheeler,28b34fe3,747b993d,Aaron Wheeler,USA,FW,35-009,23,0,0,0,0,2,1,0,0,1,0,0,0,0,1,0,0,0,FW,0.0,0.0,0.0,0.0
CS Switchbacks,https://fbref.com/en/players/00d83db0/Patrick-Seagrist,00d83db0,747b993d,Patrick Seagrist,USA,DM,25-088,78,0,0,0,0,0,0,0,0,3,0,0,2,0,0,0,0,0,DM,0.0,0.0,0.0,0.0
CS Switchbacks,https://fbref.com/en/players/96c6902b/Marco-Rios,96c6902b,747b993d,Marco Rios,USA,MF,17-147,12,0,0,0,0,0,0,0,0,1,0,0,0,0,0,0,0,0,MF,0.0,0.0,0.0,0.0
CS Switchbacks,https://fbref.com/en/players/53974fd2/Devon-Williams,53974fd2,747b993d,Devon Williams,JAM,DM,31-042,90,0,0,0,0,1,0,1,0,2,1,0,0,0,0,0,0,0,DM,0.0,0.0,0.0,0.0
CS Switchbacks,https://fbref.com/en/players/a41992b2/Deshane-Beckford,a41992b2,747b993d,Deshane Beckford,JAM,DM,25-063,90,0,0,0,0,4,2,0,0,2,1,0,6,0,0,0,0,0,DM,0.0,0.0,0.0,0.0
CS Switchbacks,https://fbref.com/en/players/bce0d6f6/Duke-Lacroix,bce0d6f6,747b993d,Duke Lacroix,HAI,LB,29-218,90,0,0,0,0,1,0,1,0,1,1,0,0,0,0,0,0,0,LB,0.0,0.0,0.0,0.0
CS Switchbacks,https://fbref.com/en/players/5ad77e97/Oskar-Agren,5ad77e97,747b993d,Oskar Agren,SWE,CB,24-252,90,0,0,0,0,0,0,1,0,2,1,0,1,0,1,0,0,0,CB,0.0,0.0,0.0,0.0
CS Switchbacks,https://fbref.com/en/players/658388b4/Matt-Mahoney,658388b4,747b993d,Matt Mahoney,USA,CB,28-033,90,0,0,0,0,0,0,1,0,1,0,0,0,0,0,0,0,0,CB,0.0,0.0,0.0,0.0
CS Switchbacks,https://fbref.com/en/players/74e5422d/Jairo-Henriquez,74e5422d,747b993d,Jairo Henriquez,SLV,RB,29-262,90,0,0,0,0,2,0,0,0,3,2,0,3,0,0,0,0,0,RB,0.0,0.0,0.0,0.0
CS Switchbacks,https://fbref.com/en/players/6a0987cf/Christian-Herrera,6a0987cf,747b993d,Christian Herrera,MEX,GK,26-030,90,0,0,0,0,0,0,0,0,0,0,0,0,0,0,0,0,0,GK,4.0,1.0,3.0,75.0
Hartford Athletic,https://fbref.com/en/players/9e8e2b3e/Kyle-Edwards,9e8e2b3e,0ac5723a,Kyle Edwards,VIN,FW,27-125,81,0,1,0,0,1,0,0,0,2,1,1,0,0,0,0,0,0,FW,0.0,0.0,0.0,0.0
Hartford Athletic,https://fbref.com/en/players/a6290bda/Andre-Lewis,a6290bda,0ac5723a,Andre Lewis,JAM,MF,28-281,9,0,0,0,0,0,0,0,0,0,0,0,0,0,0,0,0,0,MF,0.0,0.0,0.0,0.0
Hartford Athletic,https://fbref.com/en/players/92da8c34/Prince-Saydee,92da8c34,0ac5723a,Prince Saydee,LBR,FW,27-089,57,0,0,0,0,0,0,0,0,1,1,0,0,0,0,0,0,0,FW,0.0,0.0,0.0,0.0
Hartford Athletic,https://fbref.com/en/players/836c317b/Elvis-Amoh,836c317b,0ac5723a,Elvis Amoh,GHA,"FW,MF",31-107,33,1,0,1,1,2,2,0,0,1,1,0,0,0,0,0,0,0,FW,0.0,0.0,0.0,0.0
Hartford Athletic,https://fbref.com/en/players/b57d06fd/Juan-Pablo-Torres,b57d06fd,0ac5723a,Juan Pablo Torres,USA,CM,23-298,90,1,0,0,0,1,1,0,0,1,1,0,1,0,1,0,0,0,CM,0.0,0.0,0.0,0.0
Hartford Athletic,https://fbref.com/en/players/b2e0370d/Danny-Barrera,b2e0370d,0ac5723a,Danny Barrera,USA,CM,33-132,81,0,0,0,0,2,0,0,0,1,0,0,1,0,0,0,0,0,CM,0.0,0.0,0.0,0.0
Hartford Athletic,https://fbref.com/en/players/8c4614a8/Jeciel-Cedeno,8c4614a8,0ac5723a,Jeciel Cedeno,ECU,"FW,MF",23-047,9,0,0,0,0,0,0,0,0,0,0,0,0,0,0,0,0,0,FW,0.0,0.0,0.0,0.0
Hartford Athletic,https://fbref.com/en/players/d9330b12/Tristan-Hodge,d9330b12,0ac5723a,Tristan Hodge,TRI,CM,28-223,90,0,0,0,0,1,0,0,0,2,3,0,0,0,1,0,0,0,CM,0.0,0.0,0.0,0.0
Hartford Athletic,https://fbref.com/en/players/91384553/Antoine-Hoppenot,91384553,0ac5723a,Antoine Hoppenot,USA,LB,32-178,90,0,0,0,0,0,0,0,0,2,1,1,4,0,1,0,0,0,LB,0.0,0.0,0.0,0.0
Hartford Athletic,https://fbref.com/en/players/bcba3251/Niall-Logue,bcba3251,0ac5723a,Niall Logue,IRL,CB,27-286,90,0,0,0,0,1,0,0,0,0,0,0,1,0,0,0,0,0,CB,0.0,0.0,0.0,0.0
Hartford Athletic,https://fbref.com/en/players/46c0b8fd/Conor-McGlynn,46c0b8fd,0ac5723a,Conor McGlynn,USA,CB,24-181,90,0,0,0,0,1,0,0,0,0,0,0,0,0,2,0,0,0,CB,0.0,0.0,0.0,0.0
Hartford Athletic,https://fbref.com/en/players/638e3396/Robin-Lapert,638e3396,0ac5723a,Robin Lapert,FRA,CB,25-172,45,0,0,0,0,0,0,0,0,1,1,0,0,0,1,0,0,0,CB,0.0,0.0,0.0,0.0
Hartford Athletic,https://fbref.com/en/players/ec7cb356/Kaveh-Rad,ec7cb356,0ac5723a,Kaveh Rad,USA,DF,21-341,45,0,0,0,0,0,0,1,0,2,0,0,0,0,0,0,0,0,DF,0.0,0.0,0.0,0.0
Hartford Athletic,https://fbref.com/en/players/6d9fe7bd/Matthew-Sheldon,6d9fe7bd,0ac5723a,Matthew Sheldon,USA,RB,30-270,57,0,0,0,0,0,0,1,0,3,0,0,2,0,1,0,0,0,RB,0.0,0.0,0.0,0.0
Hartford Athletic,https://fbref.com/en/players/1e394a37/Luke-Merrill,1e394a37,0ac5723a,Luke Merrill,USA,DF,23-017,33,0,0,0,0,0,0,1,0,3,0,0,0,0,0,0,0,0,DF,0.0,0.0,0.0,0.0
Hartford Athletic,https://fbref.com/en/players/4903c3a6/Richard-Sanchez,4903c3a6,0ac5723a,Richard Sanchez,MEX,GK,29-045,90,0,0,0,0,0,0,0,0,0,0,0,0,0,0,0,0,0,GK,4.0,0.0,4.0,100.0
Loudoun United,https://fbref.com/en/players/2acbf26d/Wesley-Leggett,2acbf26d,0ac5723a,Wesley Leggett,USA,FW,22-065,68,0,0,0,0,1,0,0,0,1,0,0,1,0,0,0,0,0,FW,0.0,0.0,0.0,0.0
Loudoun United,https://fbref.com/en/players/02a9fccf/Panos-Armenakas,02a9fccf,0ac5723a,Panos Armenakas,AUS,"FW,MF",24-288,22,0,0,0,0,1,0,0,0,1,1,0,6,0,0,0,0,0,FW,0.0,0.0,0.0,0.0
Loudoun United,https://fbref.com/en/players/74ba46bc/Zach-Ryan,74ba46bc,0ac5723a,Zach Ryan,USA,FW,24-126,58,0,0,0,0,2,0,0,0,1,0,0,0,0,0,0,0,0,FW,0.0,0.0,0.0,0.0
Loudoun United,https://fbref.com/en/players/2484e983/Tommy-Williamson,2484e983,0ac5723a,Tommy Williamson,USA,FW,24-015,32,0,0,0,0,1,0,0,0,0,2,1,0,0,0,0,0,0,FW,0.0,0.0,0.0,0.0
Loudoun United,https://fbref.com/en/players/efd7b827/Houssou-Landry,efd7b827,0ac5723a,Houssou Landry,CIV,LM,22-143,58,0,0,0,0,2,1,1,0,1,1,1,1,0,1,0,0,0,LM,0.0,0.0,0.0,0.0
Loudoun United,https://fbref.com/en/players/e5b49f0e/Abdoul-Zanne,e5b49f0e,0ac5723a,Abdoul Zanne,CIV,MF,20-091,32,0,0,0,0,0,0,0,0,0,1,0,0,0,0,0,0,0,MF,0.0,0.0,0.0,0.0
Loudoun United,https://fbref.com/en/players/70a494c9/Aidan-Rocha,70a494c9,0ac5723a,Aidan Rocha,USA,CM,22-146,90,0,0,0,0,0,0,0,0,0,0,0,0,0,2,0,0,0,CM,0.0,0.0,0.0,0.0
Loudoun United,https://fbref.com/en/players/1f6ec0c5/Jeremy-Garay,1f6ec0c5,0ac5723a,Jeremy Garay,SLV,CM,20-049,90,0,0,0,0,0,0,0,0,2,2,0,3,0,1,0,0,0,CM,0.0,0.0,0.0,0.0
Loudoun United,https://fbref.com/en/players/8344adf5/Jackson-Hopkins,8344adf5,0ac5723a,Jackson Hopkins,USA,RM,18-323,90,0,0,0,0,3,1,1,0,1,3,0,0,0,0,0,0,0,RM,0.0,0.0,0.0,0.0
Loudoun United,https://fbref.com/en/players/272c1aaf/Kalil-ElMedkhar,272c1aaf,0ac5723a,Kalil ElMedkhar,USA,LB,23-275,90,0,0,0,0,1,0,0,0,0,4,0,5,0,0,0,0,0,LB,0.0,0.0,0.0,0.0
Loudoun United,https://fbref.com/en/players/20bc347c/Bryce-Washington,20bc347c,0ac5723a,Bryce Washington,USA,CB,24-250,90,0,0,0,0,2,1,0,0,1,0,0,0,0,0,0,0,0,CB,0.0,0.0,0.0,0.0
Loudoun United,https://fbref.com/en/players/42a76a47/Daniel-Chica,42a76a47,0ac5723a,Daniel Chica,PAN,CB,21-091,58,0,0,0,0,0,0,0,0,0,1,0,0,0,0,0,0,0,CB,0.0,0.0,0.0,0.0
Loudoun United,https://fbref.com/en/players/fb2e1102/Latif-Koanda,fb2e1102,0ac5723a,Latif Koanda,CIV,MF,18-331,32,0,0,0,0,1,1,0,0,0,1,0,0,0,0,0,0,0,MF,0.0,0.0,0.0,0.0
Loudoun United,https://fbref.com/en/players/c09ddc5e/Koa-Santos,c09ddc5e,0ac5723a,Koa Santos,USA,RB,23-241,90,0,0,0,0,1,0,0,0,1,1,0,6,0,0,0,0,0,RB,0.0,0.0,0.0,0.0
Loudoun United,https://fbref.com/en/players/97d74cea/Hugo-Fauroux,97d74cea,0ac5723a,Hugo Fauroux,FRA,GK,26-270,90,0,0,0,0,0,0,0,0,1,0,0,0,0,0,0,0,0,GK,1.0,2.0,0.0,0.0
Miami FC,https://fbref.com/en/players/6ea83b25/Kyle-Murphy,6ea83b25,14138a3b,Kyle Murphy,USA,FW,30-160,90,1,0,0,0,2,2,1,0,2,0,0,0,0,0,0,0,0,FW,0.0,0.0,0.0,0.0
Miami FC,https://fbref.com/en/players/4236fd6b/Christian-Sorto,4236fd6b,14138a3b,Christian Sorto,SLV,FW,23-121,76,0,0,0,0,1,0,0,0,2,0,0,3,0,0,0,0,0,FW,0.0,0.0,0.0,0.0
Miami FC,https://fbref.com/en/players/f0fc315f/Moises-Hernandez,f0fc315f,14138a3b,Moises Hernandez,GUA,DF,31-076,14,0,0,0,0,0,0,0,0,0,0,0,1,0,0,0,0,0,DF,0.0,0.0,0.0,0.0
Miami FC,https://fbref.com/en/players/dbab5aa7/Michael-Salazar,dbab5aa7,14138a3b,Michael Salazar,BLZ,FW,30-186,75,0,0,0,0,2,0,1,0,1,2,0,0,0,0,0,0,0,FW,0.0,0.0,0.0,0.0
Miami FC,https://fbref.com/en/players/a3c6fd0e/Ben-Mines,a3c6fd0e,14138a3b,Ben Mines,USA,MF,23-007,15,0,0,0,0,0,0,0,0,1,0,0,0,0,0,0,0,0,MF,0.0,0.0,0.0,0.0
Miami FC,https://fbref.com/en/players/a5333872/Ryan-Telfer,a5333872,14138a3b,Ryan Telfer,TRI,LM,29-077,90,0,0,0,0,2,0,0,0,2,2,0,2,0,0,0,0,0,LM,0.0,0.0,0.0,0.0
Miami FC,https://fbref.com/en/players/8ed78284/Bolu-Akinyode,8ed78284,14138a3b,Bolu Akinyode,NGA,CM,28-355,90,0,0,0,0,0,0,0,0,0,1,0,0,0,0,0,0,0,CM,0.0,0.0,0.0,0.0
Miami FC,https://fbref.com/en/players/40bc1b0c/Dennis-Dowouna,40bc1b0c,14138a3b,Dennis Dowouna,GHA,CM,23-002,90,0,0,0,0,1,0,0,0,1,0,0,0,0,0,0,0,0,CM,0.0,0.0,0.0,0.0
Miami FC,https://fbref.com/en/players/a84af631/Mark-Segbers,a84af631,14138a3b,Mark Segbers,USA,RM,27-032,90,0,0,0,0,0,0,1,0,2,0,0,0,0,0,0,0,0,RM,0.0,0.0,0.0,0.0
Miami FC,https://fbref.com/en/players/61cd3bcf/Aedan-Stanley,61cd3bcf,14138a3b,Aedan Stanley,USA,CB,23-158,90,0,0,0,0,1,0,0,0,2,1,0,2,0,0,0,0,0,CB,0.0,0.0,0.0,0.0
Miami FC,https://fbref.com/en/players/f440649e/Paco-Craig,f440649e,14138a3b,Paco Craig,ENG,CB,30-213,90,0,0,0,0,0,0,1,0,2,1,0,0,0,1,1,0,0,CB,0.0,0.0,0.0,0.0
Miami FC,https://fbref.com/en/players/ec9eec79/Callum-Chapman-Page,ec9eec79,14138a3b,Callum Chapman Page,ENG,CB,27-195,79,0,1,0,0,1,0,0,0,1,3,0,0,0,1,0,0,0,CB,0.0,0.0,0.0,0.0
Miami FC,https://fbref.com/en/players/e2d3bec6/Benjamin-Ofeimu,e2d3bec6,14138a3b,Benjamin Ofeimu,USA,DF,22-232,11,0,0,0,0,0,0,0,0,0,0,0,0,0,0,0,0,0,DF,0.0,0.0,0.0,0.0
Miami FC,https://fbref.com/en/players/29863f6e/Jake-McGuire,29863f6e,14138a3b,Jake McGuire,USA,GK,28-259,90,0,0,0,0,0,0,0,0,0,0,0,0,0,0,0,0,0,GK,7.0,3.0,4.0,57.1
Loyal,https://fbref.com/en/players/4bf9347c/Ronaldo-Damus,4bf9347c,14138a3b,Ronaldo Damus,HAI,FW,23-250,63,0,0,0,0,2,1,0,0,1,1,2,0,0,0,0,0,0,FW,0.0,0.0,0.0,0.0
Loyal,https://fbref.com/en/players/5804f03b/Elliot-Collier,5804f03b,14138a3b,Elliot Collier,NZL,"FW,MF",28-087,27,1,0,0,0,1,1,0,0,0,0,0,1,0,0,0,0,0,FW,0.0,0.0,0.0,0.0
Loyal,https://fbref.com/en/players/c63ae448/Evan-Conway,c63ae448,14138a3b,Evan Conway,USA,FW,25-194,90,1,0,0,0,1,1,0,0,1,2,0,0,0,2,0,0,0,FW,0.0,0.0,0.0,0.0
Loyal,https://fbref.com/en/players/6659fa75/Nick-Moon,6659fa75,14138a3b,Nick Moon,USA,LM,26-354,90,0,0,0,0,1,0,0,0,1,3,0,1,0,0,0,0,0,LM,0.0,0.0,0.0,0.0
Loyal,https://fbref.com/en/players/b7712583/Alejandro-Guido,b7712583,14138a3b,Alejandro Guido,USA,CM,29-059,90,0,0,0,0,5,2,1,0,1,2,0,0,0,1,0,0,0,CM,0.0,0.0,0.0,0.0
Loyal,https://fbref.com/en/players/470cd24b/Joe-Corona,470cd24b,14138a3b,Joe Corona,USA,CM,32-315,63,0,0,0,0,0,0,0,0,1,0,0,6,0,2,0,0,0,CM,0.0,0.0,0.0,0.0
Loyal,https://fbref.com/en/players/f09cbc33/Robinson-Moshobane,f09cbc33,14138a3b,Robinson Moshobane,RSA,"FW,MF",28-245,27,0,0,0,0,0,0,0,0,0,0,0,2,0,0,0,0,0,FW,0.0,0.0,0.0,0.0
Loyal,https://fbref.com/en/players/027c0f1a/Collin-Martin,027c0f1a,14138a3b,Collin Martin,USA,CM,28-192,90,0,0,0,0,0,0,0,0,0,1,0,0,0,1,0,0,0,CM,0.0,0.0,0.0,0.0
Loyal,https://fbref.com/en/players/298a167b/Adrien-Perez,298a167b,14138a3b,Adrien Perez,USA,RM,27-219,63,0,0,0,0,3,0,0,0,2,0,0,0,0,1,0,0,0,RM,0.0,0.0,0.0,0.0
Loyal,https://fbref.com/en/players/612a0951/Blake-Bodily,612a0951,14138a3b,Blake Bodily,USA,MF,25-127,27,0,1,0,0,0,0,0,0,0,0,0,1,0,0,0,0,0,MF,0.0,0.0,0.0,0.0
Loyal,https://fbref.com/en/players/759a31cd/Kyle-Adams,759a31cd,14138a3b,Kyle Adams,NZL,CB,26-181,90,0,0,0,0,0,0,0,0,1,1,0,0,0,0,0,0,0,CB,0.0,0.0,0.0,0.0
Loyal,https://fbref.com/en/players/624ba068/Grant-Stoneman,624ba068,14138a3b,Grant Stoneman,USA,CB,27-174,45,0,0,0,0,0,0,0,0,1,2,0,0,0,0,1,0,0,CB,0.0,0.0,0.0,0.0
Loyal,https://fbref.com/en/players/ec5ce41a/Camden-Riley,ec5ce41a,14138a3b,Camden Riley,USA,"DF,MF",26-273,45,0,0,0,0,0,0,0,0,0,0,0,0,0,0,0,0,0,DF,0.0,0.0,0.0,0.0
Loyal,https://fbref.com/en/players/ed16da92/Elijah-Martin,ed16da92,14138a3b,Elijah Martin,USA,CB,26-320,90,0,0,0,0,2,1,0,0,3,2,0,1,0,2,0,0,0,CB,0.0,0.0,0.0,0.0
Loyal,https://fbref.com/en/players/bfb15d99/Koke-Vegas,bfb15d99,14138a3b,Koke Vegas,ESP,GK,27-235,90,0,0,0,0,0,0,0,0,0,0,0,0,0,0,0,0,0,GK,3.0,2.0,1.0,33.3
Detroit City,https://fbref.com/en/players/2390ab6e/Ben-Morris,2390ab6e,1c7ef2f6,Ben Morris,ENG,FW,23-318,90,0,0,0,0,0,0,0,0,2,1,1,0,0,0,0,0,0,FW,0.0,0.0,0.0,0.0
Detroit City,https://fbref.com/en/players/b65a8b06/Skage-Simonsen,b65a8b06,1c7ef2f6,Skage Simonsen,NOR,FW,25-038,83,1,0,0,0,3,1,0,0,2,1,0,0,0,0,0,0,0,FW,0.0,0.0,0.0,0.0
Detroit City,https://fbref.com/en/players/8e75ce44/Yazeed-Matthews,8e75ce44,1c7ef2f6,Yazeed Matthews,RSA,FW,27-028,7,0,0,0,0,0,0,0,0,0,1,0,0,0,0,0,0,0,FW,0.0,0.0,0.0,0.0
Detroit City,https://fbref.com/en/players/fc40abc3/Rhys-Williams,fc40abc3,1c7ef2f6,Rhys Williams,USA,LW,27-284,90,0,0,0,0,0,0,0,0,3,5,0,4,0,2,0,0,0,LW,0.0,0.0,0.0,0.0
Detroit City,https://fbref.com/en/players/34084a47/Abdoulaye-Diop,34084a47,1c7ef2f6,Abdoulaye Diop,SEN,AM,23-245,90,0,0,0,0,1,0,0,0,2,1,0,2,0,1,0,0,0,AM,0.0,0.0,0.0,0.0
Detroit City,https://fbref.com/en/players/9e8264b7/Maxi-Rodriguez,9e8264b7,1c7ef2f6,Maxi Rodriguez,USA,AM,27-284,90,0,0,0,0,0,0,0,0,1,1,0,1,0,5,0,0,0,AM,0.0,0.0,0.0,0.0
Detroit City,https://fbref.com/en/players/80afacdc/Connor-Rutz,80afacdc,1c7ef2f6,Connor Rutz,USA,RW,26-041,90,0,0,0,0,0,0,0,0,0,0,0,1,0,0,0,0,0,RW,0.0,0.0,0.0,0.0
Detroit City,https://fbref.com/en/players/ecbca580/Thomas-McCabe,ecbca580,1c7ef2f6,Thomas McCabe,USA,DM,25-046,90,0,0,0,0,0,0,0,0,3,0,0,0,0,1,0,0,0,DM,0.0,0.0,0.0,0.0
Detroit City,https://fbref.com/en/players/5a45c74d/Stephen-Carroll,5a45c74d,1c7ef2f6,Stephen Carroll,IRL,CB,29-171,90,0,0,0,0,0,0,0,0,1,1,0,0,0,2,0,0,0,CB,0.0,0.0,0.0,0.0
Detroit City,https://fbref.com/en/players/8e6965ad/Michael-Bryant,8e6965ad,1c7ef2f6,Michael Bryant,USA,CB,28-048,90,0,0,0,0,0,0,1,0,1,3,0,0,0,3,0,0,0,CB,0.0,0.0,0.0,0.0
Detroit City,https://fbref.com/en/players/998268a4/Devon-Amoo-Mensah,998268a4,1c7ef2f6,Devon Amoo Mensah,USA,CB,27-174,90,0,0,0,0,0,0,0,0,0,1,0,0,0,3,0,0,0,CB,0.0,0.0,0.0,0.0
Detroit City,https://fbref.com/en/players/6d7ab31d/Nathan-Steinwascher,6d7ab31d,1c7ef2f6,Nathan Steinwascher,USA,GK,30-094,90,0,1,0,0,0,0,0,0,0,0,0,0,0,0,0,0,0,GK,3.0,0.0,3.0,100.0
San Antonio FC,https://fbref.com/en/players/86429529/Samuel-Adeniran,86429529,1c7ef2f6,Samuel Adeniran,USA,FW,24-232,58,0,0,0,0,2,1,0,0,2,0,0,1,0,0,0,0,0,FW,0.0,0.0,0.0,0.0
San Antonio FC,https://fbref.com/en/players/eb8eae2c/Justin-Dhillon,eb8eae2c,1c7ef2f6,Justin Dhillon,USA,FW,27-348,32,0,0,0,0,0,0,0,0,1,0,0,0,0,0,0,0,0,FW,0.0,0.0,0.0,0.0
San Antonio FC,https://fbref.com/en/players/950ef017/Tani-Oluwaseyi,950ef017,1c7ef2f6,Tani Oluwaseyi,CAN,FW,23-005,90,0,0,0,0,3,1,0,0,1,1,1,0,0,2,0,0,0,FW,0.0,0.0,0.0,0.0
San Antonio FC,https://fbref.com/en/players/9bebd450/Niko-Hansen,9bebd450,1c7ef2f6,Niko Hansen,DEN,LM,28-248,90,0,0,0,0,4,1,0,0,1,1,0,0,0,0,0,0,0,LM,0.0,0.0,0.0,0.0
San Antonio FC,https://fbref.com/en/players/e1e65f24/Rida-Zouhir,e1e65f24,1c7ef2f6,Rida Zouhir,CAN,CM,19-178,65,0,0,0,0,1,0,0,0,2,2,0,6,0,1,0,0,0,CM,0.0,0.0,0.0,0.0
San Antonio FC,https://fbref.com/en/players/d2173b7b/Jacori-Hayes,d2173b7b,1c7ef2f6,Jacori Hayes,USA,MF,27-325,25,0,0,0,0,0,0,0,0,1,1,0,3,0,0,0,0,0,MF,0.0,0.0,0.0,0.0
San Antonio FC,https://fbref.com/en/players/e2d8874f/Cristian-Parano,e2d8874f,1c7ef2f6,Cristian Parano,ARG,CM,23-277,45,0,0,0,0,0,0,0,0,0,3,0,1,0,0,0,0,0,CM,0.0,0.0,0.0,0.0
San Antonio FC,https://fbref.com/en/players/7a447474/Ignacio-Bailone,7a447474,1c7ef2f6,Ignacio Bailone,ARG,FW,29-120,45,0,0,0,0,3,0,0,0,0,1,0,1,0,0,0,0,0,FW,0.0,0.0,0.0,0.0
San Antonio FC,https://fbref.com/en/players/c1f17b17/Mohammed-Abu,c1f17b17,1c7ef2f6,Mohammed Abu,GHA,RM,31-187,80,0,0,0,0,0,0,0,0,1,1,0,5,0,1,0,0,0,RM,0.0,0.0,0.0,0.0
San Antonio FC,https://fbref.com/en/players/7bf39a2f/Jorge-Hernandez,7bf39a2f,1c7ef2f6,Jorge Hernandez,USA,MF,22-193,10,0,0,0,0,1,0,1,0,1,0,0,2,0,0,0,0,0,MF,0.0,0.0,0.0,0.0
San Antonio FC,https://fbref.com/en/players/32b30364/Lamar-Batista,32b30364,1c7ef2f6,Lamar Batista,USA,LB,25-074,90,0,0,0,0,1,0,1,0,3,1,0,3,0,1,0,0,0,LB,0.0,0.0,0.0,0.0
San Antonio FC,https://fbref.com/en/players/2a44ec3d/Mitchell-Taintor,2a44ec3d,1c7ef2f6,Mitchell Taintor,USA,CB,28-251,90,0,0,0,0,0,0,0,0,0,2,0,0,0,0,0,0,0,CB,0.0,0.0,0.0,0.0
San Antonio FC,https://fbref.com/en/players/96f18e66/Fabien-Garcia,96f18e66,1c7ef2f6,Fabien Garcia,FRA,CB,28-310,90,0,0,0,0,4,0,0,0,1,1,0,0,0,6,0,0,0,CB,0.0,0.0,0.0,0.0
San Antonio FC,https://fbref.com/en/players/bd107d30/Shannon-Gomez,bd107d30,1c7ef2f6,Shannon Gomez,TRI,RB,26-227,90,0,0,0,0,0,0,1,0,2,0,0,2,0,1,0,0,0,RB,0.0,0.0,0.0,0.0
San Antonio FC,https://fbref.com/en/players/7b20d178/Jordan-Farr,7b20d178,1c7ef2f6,Jordan Farr,USA,GK,28-227,90,0,0,0,0,0,0,0,0,0,0,0,0,0,0,0,0,0,GK,1.0,1.0,0.0,0.0
Sac Republic,https://fbref.com/en/players/e443cde3/Juan-Sebastian-Herrera,e443cde3,6a4d8e7f,Juan Sebastian Herrera,COL,FW,28-197,89,1,0,0,0,3,2,0,0,3,2,2,0,0,0,0,0,0,FW,0.0,0.0,0.0,0.0
Sac Republic,https://fbref.com/en/players/3ac913eb/Ferrety-Sousa,3ac913eb,6a4d8e7f,Ferrety Sousa,COD,"DF,MF",32-146,1,0,0,0,0,0,0,0,0,0,0,0,0,0,0,0,0,0,DF,0.0,0.0,0.0,0.0
Sac Republic,https://fbref.com/en/players/e99f57a7/Russell-Cicerone,e99f57a7,6a4d8e7f,Russell Cicerone,USA,AM,28-184,82,1,0,0,0,1,1,1,0,4,1,0,0,0,0,0,0,0,AM,0.0,0.0,0.0,0.0
Sac Republic,https://fbref.com/en/players/74e30bd2/Luther-Archimede,74e30bd2,6a4d8e7f,Luther Archimede,GLP,FW,23-245,8,0,0,0,0,0,0,1,0,3,0,0,0,0,0,0,0,0,FW,0.0,0.0,0.0,0.0
Sac Republic,https://fbref.com/en/players/1512328c/Keko,1512328c,6a4d8e7f,Keko,ESP,AM,31-144,75,1,1,0,0,1,1,0,0,0,1,0,1,0,0,0,0,0,AM,0.0,0.0,0.0,0.0
Sac Republic,https://fbref.com/en/players/84703bc6/Lee-Desmond,84703bc6,6a4d8e7f,Lee Desmond,IRL,DF,28-118,15,0,0,0,0,0,0,0,0,0,0,0,0,0,0,0,0,0,DF,0.0,0.0,0.0,0.0
Sac Republic,https://fbref.com/en/players/7f7b9ede/Aldair-Sanchez,7f7b9ede,6a4d8e7f,Aldair Sanchez,USA,DM,21-139,75,0,0,0,0,1,1,0,0,0,0,0,1,0,1,0,0,0,DM,0.0,0.0,0.0,0.0
Sac Republic,https://fbref.com/en/players/1501d576/Damia-Viader,1501d576,6a4d8e7f,Damia Viader,ESP,"DF,MF",25-090,15,0,0,0,0,0,0,0,0,0,0,0,0,0,0,0,0,0,DF,0.0,0.0,0.0,0.0
Sac Republic,https://fbref.com/en/players/1fdf3f69/Nick-Ross,1fdf3f69,6a4d8e7f,Nick Ross,SCO,DM,31-190,90,0,0,0,0,1,0,1,0,2,0,0,0,0,2,0,0,0,DM,0.0,0.0,0.0,0.0
Sac Republic,https://fbref.com/en/players/a07caf31/Luis-Felipe,a07caf31,6a4d8e7f,Luis Felipe,BRA,DM,27-111,90,0,0,0,0,0,0,0,0,1,2,0,0,0,0,0,0,0,DM,0.0,0.0,0.0,0.0
Sac Republic,https://fbref.com/en/players/2ade3d9e/Jack-Gurr,2ade3d9e,6a4d8e7f,Jack Gurr,ENG,DM,27-175,90,0,1,0,0,1,0,0,0,2,1,0,10,0,0,0,0,0,DM,0.0,0.0,0.0,0.0
Sac Republic,https://fbref.com/en/players/9351a05c/Shane-Wiedt,9351a05c,6a4d8e7f,Shane Wiedt,USA,CB,27-305,90,0,0,0,0,0,0,0,0,0,1,0,0,0,2,0,0,0,CB,0.0,0.0,0.0,0.0
Sac Republic,https://fbref.com/en/players/6806c66b/Conor-Donovan,6806c66b,6a4d8e7f,Conor Donovan,USA,CB,27-132,90,0,1,0,0,2,1,0,0,1,0,0,0,0,0,0,0,0,CB,0.0,0.0,0.0,0.0
Sac Republic,https://fbref.com/en/players/91769d2f/Jared-Timmer,91769d2f,6a4d8e7f,Jared Timmer,USA,CB,26-021,90,0,0,0,0,0,0,0,0,2,1,0,1,0,0,0,0,0,CB,0.0,0.0,0.0,0.0
Sac Republic,https://fbref.com/en/players/f0abea8c/Daniel-Vitiello,f0abea8c,6a4d8e7f,Daniel Vitiello,USA,GK,27-075,90,0,0,0,0,0,0,0,0,0,1,0,0,0,0,0,0,0,GK,6.0,1.0,5.0,83.3
Roots,https://fbref.com/en/players/e855f6b1/Dariusz-Formella,e855f6b1,6a4d8e7f,Dariusz Formella,POL,FW,27-211,90,0,0,0,0,1,1,0,0,0,3,0,0,0,0,0,0,0,FW,0.0,0.0,0.0,0.0
Roots,https://fbref.com/en/players/9a7368a0/Lindo-Mfeka,9a7368a0,6a4d8e7f,Lindo Mfeka,RSA,AM,29-051,84,0,0,0,0,1,0,0,0,0,1,0,5,0,0,0,0,0,AM,0.0,0.0,0.0,0.0
Roots,https://fbref.com/en/players/e4e35813/Trayvone-Reid,e4e35813,6a4d8e7f,Trayvone Reid,JAM,MF,23-018,6,0,0,0,0,0,0,0,0,0,0,0,0,0,0,0,0,0,MF,0.0,0.0,0.0,0.0
Roots,https://fbref.com/en/players/efdb0dd2/Edgardo-Rito,efdb0dd2,6a4d8e7f,Edgardo Rito,VEN,AM,27-092,90,0,0,0,0,3,2,0,0,2,0,0,4,0,0,0,0,0,AM,0.0,0.0,0.0,0.0
Roots,https://fbref.com/en/players/7aea4231/Kevin-Wright,7aea4231,6a4d8e7f,Kevin Wright,SLE,DM,27-143,45,0,0,0,0,0,0,0,0,1,0,0,0,0,0,0,0,0,DM,0.0,0.0,0.0,0.0
Roots,https://fbref.com/en/players/56c3edb3/Guillermo-Diaz,56c3edb3,6a4d8e7f,Guillermo Diaz,USA,"DF,MF",27-216,45,0,1,0,0,0,0,0,0,0,2,1,1,0,0,0,0,0,DF,0.0,0.0,0.0,0.0
Roots,https://fbref.com/en/players/7dec9be6/Napo-Matsoso,7dec9be6,6a4d8e7f,Napo Matsoso,LES,DM,28-358,61,0,0,0,0,0,0,0,0,0,2,0,0,0,0,0,0,0,DM,0.0,0.0,0.0,0.0
Roots,https://fbref.com/en/players/4362fb08/Joseph-Nane,4362fb08,6a4d8e7f,Joseph Nane,CMR,MF,36-069,29,0,0,0,0,0,0,0,0,0,1,0,0,0,0,0,0,0,MF,0.0,0.0,0.0,0.0
Roots,https://fbref.com/en/players/14beb1a2/Daniel-Gomez,14beb1a2,6a4d8e7f,Daniel Gomez,USA,DM,23-013,70,0,0,0,0,0,0,0,0,0,0,0,4,0,1,0,0,0,DM,0.0,0.0,0.0,0.0
Roots,https://fbref.com/en/players/ca885102/Johnny-Rodriguez,ca885102,6a4d8e7f,Johnny Rodriguez,USA,"FW,MF",24-341,20,0,0,0,0,1,1,0,0,0,0,0,0,0,0,0,0,0,FW,0.0,0.0,0.0,0.0
Roots,https://fbref.com/en/players/f5ffd1bb/Bryan-Tamacas,f5ffd1bb,6a4d8e7f,Bryan Tamacas,SLV,DM,28-088,90,0,0,0,0,0,0,0,0,2,2,0,1,0,0,0,0,0,DM,0.0,0.0,0.0,0.0
Roots,https://fbref.com/en/players/2bfb7026/Danny-Barbir,2bfb7026,6a4d8e7f,Danny Barbir,USA,CB,25-109,90,1,0,0,0,1,1,0,0,1,1,0,1,0,1,0,0,0,CB,0.0,0.0,0.0,0.0
Roots,https://fbref.com/en/players/fb5dbdc0/Neveal-Hackshaw,fb5dbdc0,6a4d8e7f,Neveal Hackshaw,TRI,CB,27-241,84,0,0,0,0,1,1,0,0,2,2,0,0,0,2,0,0,0,CB,0.0,0.0,0.0,0.0
Roots,https://fbref.com/en/players/8c417e64/Anuar-Pelaez,8c417e64,6a4d8e7f,Anuar Pelaez,COL,FW,30-108,6,0,0,0,0,0,0,1,0,2,1,0,0,0,0,0,0,0,FW,0.0,0.0,0.0,0.0
Roots,https://fbref.com/en/players/ce5120dd/Tarek-Morad,ce5120dd,6a4d8e7f,Tarek Morad,USA,CB,30-272,90,0,0,0,0,0,0,0,0,0,2,0,1,0,0,0,0,0,CB,0.0,0.0,0.0,0.0
Roots,https://fbref.com/en/players/35b61ea0/Paul-Blanchette,35b61ea0,6a4d8e7f,Paul Blanchette,USA,GK,29-034,90,0,0,0,0,0,0,1,0,0,0,0,0,0,0,0,0,0,GK,6.0,3.0,3.0,50.0
Orange County,https://fbref.com/en/players/4f87c75f/Milan-Iloski,4f87c75f,2e539e7a,Milan Iloski,USA,FW,23-295,90,0,0,0,0,6,2,0,0,3,1,0,4,0,0,0,0,0,FW,0.0,0.0,0.0,0.0
Orange County,https://fbref.com/en/players/ed6bb087/Marc-McNulty,ed6bb087,2e539e7a,Marc McNulty,SCO,FW,30-248,45,0,0,0,0,3,2,0,0,1,0,0,0,0,0,0,0,0,FW,0.0,0.0,0.0,0.0
Orange County,https://fbref.com/en/players/d53bfe8c/Brian-Iloski,d53bfe8c,2e539e7a,Brian Iloski,USA,MF,27-258,45,0,0,0,0,1,0,0,0,0,1,0,1,0,1,0,0,0,MF,0.0,0.0,0.0,0.0
Orange County,https://fbref.com/en/players/43002197/Bryce-Jamison,43002197,2e539e7a,Bryce Jamison,USA,FW,17-134,64,0,0,0,0,0,0,0,0,1,1,0,1,0,0,0,0,0,FW,0.0,0.0,0.0,0.0
Orange County,https://fbref.com/en/players/c168f022/Alex-Villanueva,c168f022,2e539e7a,Alex Villanueva,USA,"DF,MF",20-315,26,0,0,0,0,0,0,0,0,1,0,0,0,0,0,0,0,0,DF,0.0,0.0,0.0,0.0
Orange County,https://fbref.com/en/players/1c24aacf/Kyle-Scott,1c24aacf,2e539e7a,Kyle Scott,ENG,CM,25-149,73,0,0,0,0,1,0,0,0,0,1,0,0,0,1,0,0,0,CM,0.0,0.0,0.0,0.0
Orange County,https://fbref.com/en/players/3986cfda/Benjamin-Norris,3986cfda,2e539e7a,Benjamin Norris,USA,,16-272,17,0,0,0,0,1,0,1,0,2,2,0,0,0,0,0,0,0,,0.0,0.0,0.0,0.0
Orange County,https://fbref.com/en/players/f3dd2e06/Daniel-A-Pedersen,f3dd2e06,2e539e7a,Daniel A Pedersen,DEN,CM,30-297,58,0,0,0,0,0,0,0,0,0,1,0,0,0,1,0,0,0,CM,0.0,0.0,0.0,0.0
Orange County,https://fbref.com/en/players/7a6cf67c/Ashton-Miles,7a6cf67c,2e539e7a,Ashton Miles,USA,DF,18-211,32,0,0,0,0,1,0,0,0,0,0,0,0,0,0,0,0,0,DF,0.0,0.0,0.0,0.0
Orange County,https://fbref.com/en/players/e28a8364/Seth-Casiple,e28a8364,2e539e7a,Seth Casiple,USA,CM,29-270,90,0,0,0,0,0,0,0,0,0,2,0,0,0,0,0,0,0,CM,0.0,0.0,0.0,0.0
Orange County,https://fbref.com/en/players/1ec1c986/Ryan-Doghman,1ec1c986,2e539e7a,Ryan Doghman,NOR,LB,25-340,90,0,0,0,0,1,0,1,0,1,0,0,3,0,1,0,0,0,LB,0.0,0.0,0.0,0.0
Orange County,https://fbref.com/en/players/35f79831/Dillon-Powers,35f79831,2e539e7a,Dillon Powers,USA,CB,32-095,90,0,0,0,0,0,0,0,0,0,1,0,0,0,2,0,0,0,CB,0.0,0.0,0.0,0.0
Orange County,https://fbref.com/en/players/0e12671e/Markus-Nakkim,0e12671e,2e539e7a,Markus Nakkim,NOR,CB,26-303,90,0,0,0,0,1,0,1,0,2,0,0,0,0,0,0,0,0,CB,0.0,0.0,0.0,0.0
Orange County,https://fbref.com/en/players/d2dc4350/Owen-Lambe,d2dc4350,2e539e7a,Owen Lambe,USA,RB,22-278,45,0,0,0,0,1,0,0,0,0,1,0,2,0,0,0,0,0,RB,0.0,0.0,0.0,0.0
Orange County,https://fbref.com/en/players/58503f28/Brent-Richards,58503f28,2e539e7a,Brent Richards,USA,"DF,FW",33-000,45,0,0,0,0,0,0,0,0,0,0,0,1,0,1,0,0,0,DF,0.0,0.0,0.0,0.0
Orange County,https://fbref.com/en/players/32be86d0/Colin-Shutler,32be86d0,2e539e7a,Colin Shutler,USA,GK,24-291,90,0,0,0,0,0,0,0,0,0,0,0,0,0,0,0,0,0,GK,3.0,1.0,2.0,66.7
Phx Rising,https://fbref.com/en/players/1312c534/Danny-Trejo,1312c534,2e539e7a,Danny Trejo,USA,FW,25-021,90,0,0,0,0,3,0,0,0,0,2,1,2,0,1,0,0,0,FW,0.0,0.0,0.0,0.0
Phx Rising,https://fbref.com/en/players/83fdc123/Manuel-Arteaga,83fdc123,2e539e7a,Manuel Arteaga,VEN,FW,28-337,90,1,0,0,0,1,1,0,0,3,1,1,0,0,0,0,0,0,FW,0.0,0.0,0.0,0.0
Phx Rising,https://fbref.com/en/players/0e1f6ffa/Eddie-Munjoma,0e1f6ffa,2e539e7a,Eddie Munjoma,USA,LM,24-306,90,0,0,0,0,2,1,0,0,2,0,0,0,0,0,0,0,0,LM,0.0,0.0,0.0,0.0
Phx Rising,https://fbref.com/en/players/0c3e8aee/Jose-Hernandez,0c3e8aee,2e539e7a,Jose Hernandez,USA,CM,27-038,68,0,0,0,0,0,0,0,0,0,0,0,0,0,1,0,0,0,CM,0.0,0.0,0.0,0.0
Phx Rising,https://fbref.com/en/players/9ef0d693/Federico-Varela,9ef0d693,2e539e7a,Federico Varela,ARG,"FW,MF",27-013,22,0,0,0,0,0,0,0,0,1,0,0,0,0,0,0,0,0,FW,0.0,0.0,0.0,0.0
Phx Rising,https://fbref.com/en/players/526bf96c/Renzo-Zambrano,526bf96c,2e539e7a,Renzo Zambrano,VEN,CM,28-267,90,0,1,0,0,0,0,0,0,1,1,0,0,0,3,0,0,0,CM,0.0,0.0,0.0,0.0
Phx Rising,https://fbref.com/en/players/3f18600c/Carlos-Harvey,3f18600c,2e539e7a,Carlos Harvey,PAN,CM,23-106,90,0,0,0,0,1,0,0,0,1,1,0,1,0,0,0,0,0,CM,0.0,0.0,0.0,0.0
Phx Rising,https://fbref.com/en/players/d116f714/Darnell-King,d116f714,2e539e7a,Darnell King,USA,RM,32-239,68,0,0,0,0,0,0,0,0,0,1,0,2,0,1,0,0,0,RM,0.0,0.0,0.0,0.0
Phx Rising,https://fbref.com/en/players/90bcfcca/Baboucarr-Njie,90bcfcca,2e539e7a,Baboucarr Njie,GAM,"DF,MF",27-349,22,0,0,0,0,0,0,0,0,1,1,0,0,0,0,0,0,0,DF,0.0,0.0,0.0,0.0
Phx Rising,https://fbref.com/en/players/74bb9a37/Daniel-Krutzen,74bb9a37,2e539e7a,Daniel Krutzen,BEL,CB,26-243,90,0,0,0,0,0,0,0,0,0,0,1,3,0,0,0,0,0,CB,0.0,0.0,0.0,0.0
Phx Rising,https://fbref.com/en/players/77edb7ec/Alejandro-Fuenmayor,77edb7ec,2e539e7a,Alejandro Fuenmayor,VEN,CB,26-264,90,0,0,0,0,0,0,1,0,2,2,0,0,0,1,0,0,0,CB,0.0,0.0,0.0,0.0
Phx Rising,https://fbref.com/en/players/d7fe9d80/Kevon-Lambert,d7fe9d80,2e539e7a,Kevon Lambert,JAM,CB,26-059,90,0,0,0,0,1,1,0,0,0,2,0,1,0,0,0,0,0,CB,0.0,0.0,0.0,0.0
Phx Rising,https://fbref.com/en/players/f59bd2d3/Rocco-Rios-Novo,f59bd2d3,2e539e7a,Rocco Rios Novo,ARG,GK,20-350,90,0,0,0,0,0,0,0,0,0,0,0,0,0,0,0,0,0,GK,4.0,0.0,4.0,100.0
RGV Toros,https://fbref.com/en/players/ffc2477f/Christiano-Francois,ffc2477f,5e24af3c,Christiano Francois,HAI,FW,29-307,67,0,0,0,0,3,1,0,0,0,1,1,0,0,0,0,0,0,FW,0.0,0.0,0.0,0.0
RGV Toros,https://fbref.com/en/players/a604b2a4/Frank-Lopez,a604b2a4,5e24af3c,Frank Lopez,CUB,FW,28-084,23,0,0,0,0,0,0,0,0,1,1,1,0,0,0,0,0,0,FW,0.0,0.0,0.0,0.0
RGV Toros,https://fbref.com/en/players/a612a23b/Wilmer-Cabrera-Jr,a612a23b,5e24af3c,Wilmer Cabrera Jr,USA,AM,22-295,90,0,0,0,0,6,3,0,0,0,2,0,3,0,0,0,0,0,AM,0.0,0.0,0.0,0.0
RGV Toros,https://fbref.com/en/players/73eec431/Taylor-Davila,73eec431,5e24af3c,Taylor Davila,USA,AM,22-289,90,0,0,0,0,2,2,1,0,2,1,0,3,0,0,0,0,0,AM,0.0,0.0,0.0,0.0
RGV Toros,https://fbref.com/en/players/179f2aa8/Ricardo-Ruiz,179f2aa8,5e24af3c,Ricardo Ruiz,USA,AM,26-197,90,0,0,0,0,1,1,0,0,3,1,1,1,0,0,0,0,0,AM,0.0,0.0,0.0,0.0
RGV Toros,https://fbref.com/en/players/ed0f5bba/Robert-Coronado,ed0f5bba,5e24af3c,Robert Coronado,USA,DM,26-290,90,0,0,0,0,1,0,0,0,0,0,0,1,0,2,0,0,0,DM,0.0,0.0,0.0,0.0
RGV Toros,https://fbref.com/en/players/4ea22d91/Juan-David-Cabezas,4ea22d91,5e24af3c,Juan David Cabezas,COL,DM,32-082,90,0,0,0,0,2,0,0,0,3,1,0,0,0,3,0,0,0,DM,0.0,0.0,0.0,0.0
RGV Toros,https://fbref.com/en/players/f56d9c37/Tomas-Ritondale,f56d9c37,5e24af3c,Tomas Ritondale,USA,LB,21-034,79,0,0,0,0,0,0,0,0,1,0,0,1,0,0,0,0,0,LB,0.0,0.0,0.0,0.0
RGV Toros,https://fbref.com/en/players/d78d7415/Jose-Francisco-Torres,d78d7415,5e24af3c,Jose Francisco Torres,USA,MF,35-203,11,0,0,0,0,0,0,0,0,0,0,0,0,0,0,0,0,0,MF,0.0,0.0,0.0,0.0
RGV Toros,https://fbref.com/en/players/c2281300/Gabriel-Benitez,c2281300,5e24af3c,Gabriel Benitez,VEN,CB,29-232,90,0,0,0,0,0,0,1,0,3,0,0,1,0,0,0,0,0,CB,0.0,0.0,0.0,0.0
RGV Toros,https://fbref.com/en/players/b4f8c0ed/Wahab-Ackwei,b4f8c0ed,5e24af3c,Wahab Ackwei,GHA,CB,26-213,90,0,0,0,0,0,0,1,0,0,1,0,0,0,0,0,0,0,CB,0.0,0.0,0.0,0.0
RGV Toros,https://fbref.com/en/players/7094787f/Duilio-Herrera,7094787f,5e24af3c,Duilio Herrera,MEX,RB,18-159,70,0,0,0,0,1,0,0,0,1,0,0,2,0,1,0,0,0,RB,0.0,0.0,0.0,0.0
RGV Toros,https://fbref.com/en/players/980e59a1/Erik-Pimentel,980e59a1,5e24af3c,Erik Pimentel,MEX,DF,33-005,20,0,0,0,0,0,0,0,0,0,0,0,0,0,0,0,0,0,DF,0.0,0.0,0.0,0.0
RGV Toros,https://fbref.com/en/players/8a37dd84/Tyler-Deric,8a37dd84,5e24af3c,Tyler Deric,USA,GK,34-263,90,0,0,0,0,0,0,0,0,0,0,0,0,0,0,0,0,0,GK,5.0,3.0,3.0,60.0
TB Rowdies,https://fbref.com/en/players/d04dba18/JJ-Williams,d04dba18,5e24af3c,JJ Williams,USA,FW,25-136,79,0,0,0,0,1,0,0,0,0,1,1,0,0,0,0,0,0,FW,0.0,0.0,0.0,0.0
TB Rowdies,https://fbref.com/en/players/2d1a1c4c/Felix-Schroter,2d1a1c4c,5e24af3c,Felix Schroter,GER,FW,27-117,11,0,0,0,0,0,0,0,0,0,1,0,0,0,0,0,0,0,FW,0.0,0.0,0.0,0.0
TB Rowdies,https://fbref.com/en/players/9fda5cd3/Ryan-Spaulding,9fda5cd3,5e24af3c,Ryan Spaulding,USA,AM,24-252,89,0,1,0,0,1,0,0,0,0,4,0,4,0,1,0,0,0,AM,0.0,0.0,0.0,0.0
TB Rowdies,https://fbref.com/en/players/eb8e36b9/Tate-Johnson,eb8e36b9,5e24af3c,Tate Johnson,USA,DF,17-314,1,0,0,0,0,0,0,0,0,0,0,0,1,0,0,0,0,0,DF,0.0,0.0,0.0,0.0
TB Rowdies,https://fbref.com/en/players/0bee33d7/Charlie-Dennis,0bee33d7,5e24af3c,Charlie Dennis,ENG,AM,27-234,90,2,0,1,1,4,3,0,0,1,5,0,2,0,0,0,0,0,AM,0.0,0.0,0.0,0.0
TB Rowdies,https://fbref.com/en/players/a2611a0a/Dayonn-Harris,a2611a0a,5e24af3c,Dayonn Harris,ATG,AM,25-264,79,0,0,0,0,0,0,0,0,1,1,0,1,0,0,0,0,0,AM,0.0,0.0,0.0,0.0
TB Rowdies,https://fbref.com/en/players/14ef76ce/Sebastian-Dalgaard,14ef76ce,5e24af3c,Sebastian Dalgaard,DEN,MF,31-270,11,0,0,0,0,0,0,0,0,0,0,0,0,0,0,0,0,0,MF,0.0,0.0,0.0,0.0
TB Rowdies,https://fbref.com/en/players/ece860cc/Jordan-Doherty,ece860cc,5e24af3c,Jordan Doherty,IRL,DM,22-264,90,0,0,0,0,1,1,0,0,1,0,0,0,0,2,0,0,0,DM,0.0,0.0,0.0,0.0
TB Rowdies,https://fbref.com/en/players/80b9e218/Yann-Ekra,80b9e218,5e24af3c,Yann Ekra,FRA,DM,32-161,90,0,0,0,0,1,1,1,0,1,0,0,0,0,1,0,0,0,DM,0.0,0.0,0.0,0.0
TB Rowdies,https://fbref.com/en/players/b4bb58c4/Aaron-Guillen,b4bb58c4,5e24af3c,Aaron Guillen,USA,LB,29-331,90,0,1,0,0,0,0,0,0,1,0,0,0,0,4,0,0,0,LB,0.0,0.0,0.0,0.0
TB Rowdies,https://fbref.com/en/players/f4720161/Forrest-Lasso,f4720161,5e24af3c,Forrest Lasso,USA,CB,30-009,90,0,0,0,0,0,0,0,0,1,1,0,0,0,1,0,0,0,CB,0.0,0.0,0.0,0.0
TB Rowdies,https://fbref.com/en/players/e068bed0/Freddy-Kleemann,e068bed0,5e24af3c,Freddy Kleemann,USA,CB,24-062,45,0,0,0,0,0,0,1,0,1,0,0,0,0,1,0,0,0,CB,0.0,0.0,0.0,0.0
TB Rowdies,https://fbref.com/en/players/44f6672a/Cal-Jennings,44f6672a,5e24af3c,Cal Jennings,USA,"FW,MF",26-003,45,1,0,0,0,2,1,0,0,0,1,0,1,0,1,0,0,0,FW,0.0,0.0,0.0,0.0
TB Rowdies,https://fbref.com/en/players/6396308d/Conner-Antley,6396308d,5e24af3c,Conner Antley,USA,RB,28-059,90,0,0,0,0,0,0,0,0,1,0,0,0,0,0,0,0,0,RB,0.0,0.0,0.0,0.0
TB Rowdies,https://fbref.com/en/players/f3c1d6c2/Connor-Sparrow,f3c1d6c2,5e24af3c,Connor Sparrow,USA,GK,29-010,90,0,0,0,0,0,0,0,0,0,0,0,0,0,0,0,0,0,GK,7.0,0.0,7.0,100.0
